> Task :checkKotlinGradlePluginConfigurationErrors
> Task :processResources
> Task :compileKotlin
> Task :compileJava NO-SOURCE
> Task :classes
> Task :resolveMainClassName

> Task :bootRun

  .   ____          _            __ _ _
 /\\ / ___'_ __ _ _(_)_ __  __ _ \ \ \ \
( ( )\___ | '_ | '_| | '_ \/ _` | \ \ \ \
 \\/  ___)| |_)| | | | | || (_| |  ) ) ) )
  '  |____| .__|_| |_|_| |_\__, | / / / /
 =========|_|==============|___/=/_/_/_/
 :: Spring Boot ::                (v3.2.4)

2026-04-01T12:10:42.765+03:00  INFO 10732 --- [elewa-backend] [           main] com.elewa.backend.ElewaApplicationKt     : Starting ElewaApplicationKt using Java 21.0.9 with PID 10732 (C:\Users\thrillerpark\Desktop\ELEWA\backend\build\classes\kotlin\main started by thrillerpark in C:\Users\thrillerpark\Desktop\ELEWA\backend)
2026-04-01T12:10:42.767+03:00 DEBUG 10732 --- [elewa-backend] [           main] com.elewa.backend.ElewaApplicationKt     : Running with Spring Boot v3.2.4, Spring v6.1.5
2026-04-01T12:10:42.768+03:00  INFO 10732 --- [elewa-backend] [           main] com.elewa.backend.ElewaApplicationKt     : No active profile set, falling back to 1 default profile: "default"
2026-04-01T12:10:44.384+03:00  INFO 10732 --- [elewa-backend] [           main] .s.d.r.c.RepositoryConfigurationDelegate : Bootstrapping Spring Data JPA repositories in DEFAULT mode.
2026-04-01T12:10:44.645+03:00  INFO 10732 --- [elewa-backend] [           main] .s.d.r.c.RepositoryConfigurationDelegate : Finished Spring Data repository scanning in 251 ms. Found 9 JPA repository interfaces.
2026-04-01T12:10:45.713+03:00  INFO 10732 --- [elewa-backend] [           main] o.s.b.w.embedded.tomcat.TomcatWebServer  : Tomcat initialized with port 8080 (http)
2026-04-01T12:10:45.733+03:00  INFO 10732 --- [elewa-backend] [           main] o.apache.catalina.core.StandardService   : Starting service [Tomcat]
2026-04-01T12:10:45.733+03:00  INFO 10732 --- [elewa-backend] [           main] o.apache.catalina.core.StandardEngine    : Starting Servlet engine: [Apache Tomcat/10.1.19]
2026-04-01T12:10:45.857+03:00  INFO 10732 --- [elewa-backend] [           main] o.a.c.c.C.[Tomcat].[localhost].[/]       : Initializing Spring embedded WebApplicationContext
2026-04-01T12:10:45.858+03:00  INFO 10732 --- [elewa-backend] [           main] w.s.c.ServletWebServerApplicationContext : Root WebApplicationContext: initialization completed in 3010 ms
2026-04-01T12:10:46.255+03:00  INFO 10732 --- [elewa-backend] [           main] o.hibernate.jpa.internal.util.LogHelper  : HHH000204: Processing PersistenceUnitInfo [name: default]
2026-04-01T12:10:46.355+03:00  INFO 10732 --- [elewa-backend] [           main] org.hibernate.Version                    : HHH000412: Hibernate ORM core version 6.4.4.Final
2026-04-01T12:10:46.409+03:00  INFO 10732 --- [elewa-backend] [           main] o.h.c.internal.RegionFactoryInitiator    : HHH000026: Second-level cache disabled
2026-04-01T12:10:46.741+03:00  INFO 10732 --- [elewa-backend] [           main] o.s.o.j.p.SpringPersistenceUnitInfo      : No LoadTimeWeaver setup: ignoring JPA class transformer
2026-04-01T12:10:46.777+03:00  INFO 10732 --- [elewa-backend] [           main] com.zaxxer.hikari.HikariDataSource       : HikariPool-1 - Starting...
2026-04-01T12:10:47.030+03:00  INFO 10732 --- [elewa-backend] [           main] com.zaxxer.hikari.pool.HikariPool        : HikariPool-1 - Added connection org.postgresql.jdbc.PgConnection@248d2cec
2026-04-01T12:10:47.032+03:00  INFO 10732 --- [elewa-backend] [           main] com.zaxxer.hikari.HikariDataSource       : HikariPool-1 - Start completed.
2026-04-01T12:10:49.075+03:00  INFO 10732 --- [elewa-backend] [           main] o.h.e.t.j.p.i.JtaPlatformInitiator       : HHH000489: No JTA platform available (set 'hibernate.transaction.jta.platform' to enable JTA platform integration)
2026-04-01T12:10:49.159+03:00  INFO 10732 --- [elewa-backend] [           main] j.LocalContainerEntityManagerFactoryBean : Initialized JPA EntityManagerFactory for persistence unit 'default'
2026-04-01T12:10:50.047+03:00 DEBUG 10732 --- [elewa-backend] [           main] o.s.w.f.ServerHttpObservationFilter      : Filter 'webMvcObservationFilter' configured for use
2026-04-01T12:10:50.047+03:00 DEBUG 10732 --- [elewa-backend] [           main] c.elewa.backend.security.JwtAuthFilter   : Filter 'jwtAuthFilter' configured for use
2026-04-01T12:10:50.221+03:00  INFO 10732 --- [elewa-backend] [           main] o.s.d.j.r.query.QueryEnhancerFactory     : Hibernate is in classpath; If applicable, HQL parser will be used.
2026-04-01T12:10:51.881+03:00 DEBUG 10732 --- [elewa-backend] [           main] s.w.s.m.m.a.RequestMappingHandlerMapping : 18 mappings in 'requestMappingHandlerMapping'
2026-04-01T12:10:51.948+03:00 DEBUG 10732 --- [elewa-backend] [           main] o.s.w.s.handler.SimpleUrlHandlerMapping  : Patterns [/webjars/**, /**] in 'resourceHandlerMapping'
2026-04-01T12:10:52.091+03:00  INFO 10732 --- [elewa-backend] [           main] o.s.b.a.e.web.EndpointLinksResolver      : Exposing 2 endpoint(s) beneath base path '/actuator'
2026-04-01T12:10:52.176+03:00  INFO 10732 --- [elewa-backend] [           main] o.s.s.web.DefaultSecurityFilterChain     : Will secure any request with [org.springframework.security.web.session.DisableEncodeUrlFilter@3676e04a, org.springframework.security.web.context.request.async.WebAsyncManagerIntegrationFilter@409f9dca, org.springframework.security.web.context.SecurityContextHolderFilter@652f3a8c, org.springframework.security.web.header.HeaderWriterFilter@4a105d1b, org.springframework.web.filter.CorsFilter@7df63a2d, org.springframework.security.web.authentication.logout.LogoutFilter@2c002f95, com.elewa.backend.security.JwtAuthFilter@47b72d3b, org.springframework.security.web.savedrequest.RequestCacheAwareFilter@4f6f6223, org.springframework.security.web.servletapi.SecurityContextHolderAwareRequestFilter@787168e8, org.springframework.security.web.authentication.AnonymousAuthenticationFilter@2682fe42, org.springframework.security.web.session.SessionManagementFilter@51406cdd, org.springframework.security.web.access.ExceptionTranslationFilter@17c4dcc6, org.springframework.security.web.access.intercept.AuthorizationFilter@31d5ce58]
2026-04-01T12:10:52.359+03:00 DEBUG 10732 --- [elewa-backend] [           main] s.w.s.m.m.a.RequestMappingHandlerAdapter : ControllerAdvice beans: 0 @ModelAttribute, 0 @InitBinder, 1 RequestBodyAdvice, 1 ResponseBodyAdvice
2026-04-01T12:10:52.417+03:00 DEBUG 10732 --- [elewa-backend] [           main] .m.m.a.ExceptionHandlerExceptionResolver : ControllerAdvice beans: 1 @ExceptionHandler, 1 ResponseBodyAdvice
2026-04-01T12:10:52.750+03:00  INFO 10732 --- [elewa-backend] [           main] o.s.b.w.embedded.tomcat.TomcatWebServer  : Tomcat started on port 8080 (http) with context path ''
2026-04-01T12:10:52.764+03:00  INFO 10732 --- [elewa-backend] [           main] com.elewa.backend.ElewaApplicationKt     : Started ElewaApplicationKt in 10.651 seconds (process running for 11.219)
2026-04-01T12:10:53.871+03:00  INFO 10732 --- [elewa-backend] [nio-8080-exec-1] o.a.c.c.C.[Tomcat].[localhost].[/]       : Initializing Spring DispatcherServlet 'dispatcherServlet'
2026-04-01T12:10:53.871+03:00  INFO 10732 --- [elewa-backend] [nio-8080-exec-1] o.s.web.servlet.DispatcherServlet        : Initializing Servlet 'dispatcherServlet'
2026-04-01T12:10:53.871+03:00 DEBUG 10732 --- [elewa-backend] [nio-8080-exec-1] o.s.web.servlet.DispatcherServlet        : Detected StandardServletMultipartResolver
2026-04-01T12:10:53.872+03:00 DEBUG 10732 --- [elewa-backend] [nio-8080-exec-1] o.s.web.servlet.DispatcherServlet        : Detected AcceptHeaderLocaleResolver
2026-04-01T12:10:53.872+03:00 DEBUG 10732 --- [elewa-backend] [nio-8080-exec-1] o.s.web.servlet.DispatcherServlet        : Detected FixedThemeResolver
2026-04-01T12:10:53.873+03:00 DEBUG 10732 --- [elewa-backend] [nio-8080-exec-1] o.s.web.servlet.DispatcherServlet        : Detected org.springframework.web.servlet.view.DefaultRequestToViewNameTranslator@4315d110
2026-04-01T12:10:53.873+03:00 DEBUG 10732 --- [elewa-backend] [nio-8080-exec-1] o.s.web.servlet.DispatcherServlet        : Detected org.springframework.web.servlet.support.SessionFlashMapManager@296ca76c
2026-04-01T12:10:53.873+03:00 DEBUG 10732 --- [elewa-backend] [nio-8080-exec-1] o.s.web.servlet.DispatcherServlet        : enableLoggingRequestDetails='false': request parameters and headers will be masked to prevent unsafe logging of potentially sensitive data
2026-04-01T12:10:53.873+03:00  INFO 10732 --- [elewa-backend] [nio-8080-exec-1] o.s.web.servlet.DispatcherServlet        : Completed initialization in 2 ms
2026-04-01T12:10:53.915+03:00 DEBUG 10732 --- [elewa-backend] [nio-8080-exec-1] o.s.web.servlet.DispatcherServlet        : POST "/api/auth/register", parameters={}
2026-04-01T12:10:53.917+03:00 DEBUG 10732 --- [elewa-backend] [nio-8080-exec-1] s.w.s.m.m.a.RequestMappingHandlerMapping : Mapped to com.elewa.backend.controller.AuthController#register(RegisterRequest, HttpServletResponse)
2026-04-01T12:10:54.020+03:00 DEBUG 10732 --- [elewa-backend] [nio-8080-exec-1] m.m.a.RequestResponseBodyMethodProcessor : Read "application/json;charset=UTF-8" to [RegisterRequest(email=testuser_60403606@elewa.dev, password=Test1234!, fullName=Test User)]
2026-04-01T12:10:54.473+03:00  INFO 10732 --- [elewa-backend] [nio-8080-exec-1] com.elewa.backend.service.AuthService    : Registered: 5ecac6dd-d571-43fc-8cf3-53a5e384b79a
2026-04-01T12:10:54.502+03:00 DEBUG 10732 --- [elewa-backend] [nio-8080-exec-1] o.s.w.s.m.m.a.HttpEntityMethodProcessor  : Using 'application/json', given [*/*] and supported [application/json, application/*+json]
2026-04-01T12:10:54.508+03:00 DEBUG 10732 --- [elewa-backend] [nio-8080-exec-1] o.s.w.s.m.m.a.HttpEntityMethodProcessor  : Writing [AuthResponse(learnerId=5ecac6dd-d571-43fc-8cf3-53a5e384b79a, email=testuser_60403606@elewa.dev, full (truncated)...]
2026-04-01T12:10:54.516+03:00 DEBUG 10732 --- [elewa-backend] [nio-8080-exec-1] o.s.web.servlet.DispatcherServlet        : Completed 200 OK
2026-04-01T12:10:54.610+03:00 DEBUG 10732 --- [elewa-backend] [nio-8080-exec-2] o.s.web.servlet.DispatcherServlet        : POST "/api/auth/login", parameters={}
2026-04-01T12:10:54.610+03:00 DEBUG 10732 --- [elewa-backend] [nio-8080-exec-2] s.w.s.m.m.a.RequestMappingHandlerMapping : Mapped to com.elewa.backend.controller.AuthController#login(LoginRequest, HttpServletResponse)
2026-04-01T12:10:54.614+03:00 DEBUG 10732 --- [elewa-backend] [nio-8080-exec-2] m.m.a.RequestResponseBodyMethodProcessor : Read "application/json;charset=UTF-8" to [LoginRequest(email=testuser_60403606@elewa.dev, password=Test1234!)]
2026-04-01T12:10:54.818+03:00  INFO 10732 --- [elewa-backend] [nio-8080-exec-2] com.elewa.backend.service.AuthService    : Login: 5ecac6dd-d571-43fc-8cf3-53a5e384b79a
2026-04-01T12:10:54.822+03:00 DEBUG 10732 --- [elewa-backend] [nio-8080-exec-2] o.s.w.s.m.m.a.HttpEntityMethodProcessor  : Using 'application/json', given [*/*] and supported [application/json, application/*+json]
2026-04-01T12:10:54.822+03:00 DEBUG 10732 --- [elewa-backend] [nio-8080-exec-2] o.s.w.s.m.m.a.HttpEntityMethodProcessor  : Writing [AuthResponse(learnerId=5ecac6dd-d571-43fc-8cf3-53a5e384b79a, email=testuser_60403606@elewa.dev, full (truncated)...]
2026-04-01T12:10:54.823+03:00 DEBUG 10732 --- [elewa-backend] [nio-8080-exec-2] o.s.web.servlet.DispatcherServlet        : Completed 200 OK
2026-04-01T12:10:54.844+03:00 DEBUG 10732 --- [elewa-backend] [nio-8080-exec-3] o.s.web.servlet.DispatcherServlet        : POST "/api/auth/refresh", parameters={}
2026-04-01T12:10:54.845+03:00 DEBUG 10732 --- [elewa-backend] [nio-8080-exec-3] s.w.s.m.m.a.RequestMappingHandlerMapping : Mapped to com.elewa.backend.controller.AuthController#refresh(HttpServletRequest, HttpServletResponse)
2026-04-01T12:10:54.882+03:00 DEBUG 10732 --- [elewa-backend] [nio-8080-exec-3] o.s.w.s.m.m.a.HttpEntityMethodProcessor  : Using 'application/json', given [*/*] and supported [application/json, application/*+json]
2026-04-01T12:10:54.882+03:00 DEBUG 10732 --- [elewa-backend] [nio-8080-exec-3] o.s.w.s.m.m.a.HttpEntityMethodProcessor  : Writing [AuthResponse(learnerId=5ecac6dd-d571-43fc-8cf3-53a5e384b79a, email=testuser_60403606@elewa.dev, full (truncated)...]
2026-04-01T12:10:54.884+03:00 DEBUG 10732 --- [elewa-backend] [nio-8080-exec-3] o.s.web.servlet.DispatcherServlet        : Completed 200 OK
2026-04-01T12:10:54.911+03:00 DEBUG 10732 --- [elewa-backend] [nio-8080-exec-5] o.s.web.servlet.DispatcherServlet        : POST "/api/onboarding/profile", parameters={}
2026-04-01T12:10:54.912+03:00 DEBUG 10732 --- [elewa-backend] [nio-8080-exec-5] s.w.s.m.m.a.RequestMappingHandlerMapping : Mapped to com.elewa.backend.controller.OnboardingController#saveProfile(UserDetails, ProfileRequest)
2026-04-01T12:10:54.924+03:00 DEBUG 10732 --- [elewa-backend] [nio-8080-exec-5] m.m.a.RequestResponseBodyMethodProcessor : Read "application/json;charset=UTF-8" to [ProfileRequest(preferredLanguage=en, ageGroup=ADULT, learningGoal=General literacy improvement)]
2026-04-01T12:10:54.936+03:00 DEBUG 10732 --- [elewa-backend] [nio-8080-exec-5] o.s.w.s.m.m.a.HttpEntityMethodProcessor  : Using 'application/json', given [*/*] and supported [application/json, application/*+json]
2026-04-01T12:10:54.938+03:00 DEBUG 10732 --- [elewa-backend] [nio-8080-exec-5] o.s.w.s.m.m.a.HttpEntityMethodProcessor  : Writing [OnboardingResponse(learnerId=5ecac6dd-d571-43fc-8cf3-53a5e384b79a, message=Profile saved, onboarding (truncated)...]
2026-04-01T12:10:54.939+03:00 DEBUG 10732 --- [elewa-backend] [nio-8080-exec-5] o.s.web.servlet.DispatcherServlet        : Completed 200 OK
2026-04-01T12:10:54.960+03:00 DEBUG 10732 --- [elewa-backend] [nio-8080-exec-4] o.s.web.servlet.DispatcherServlet        : POST "/api/onboarding/placement", parameters={}
2026-04-01T12:10:54.961+03:00 DEBUG 10732 --- [elewa-backend] [nio-8080-exec-4] s.w.s.m.m.a.RequestMappingHandlerMapping : Mapped to com.elewa.backend.controller.OnboardingController#savePlacement(UserDetails, PlacementRequest)
2026-04-01T12:10:54.966+03:00 DEBUG 10732 --- [elewa-backend] [nio-8080-exec-4] m.m.a.RequestResponseBodyMethodProcessor : Read "application/json;charset=UTF-8" to [PlacementRequest(score=3, totalQuestions=5)]
2026-04-01T12:10:54.978+03:00 DEBUG 10732 --- [elewa-backend] [nio-8080-exec-4] o.s.w.s.m.m.a.HttpEntityMethodProcessor  : Using 'application/json', given [*/*] and supported [application/json, application/*+json]
2026-04-01T12:10:54.979+03:00 DEBUG 10732 --- [elewa-backend] [nio-8080-exec-4] o.s.w.s.m.m.a.HttpEntityMethodProcessor  : Writing [PlacementResponse(learnerId=5ecac6dd-d571-43fc-8cf3-53a5e384b79a, literacyLevel=INTERMEDIATE, messag (truncated)...]
2026-04-01T12:10:54.980+03:00 DEBUG 10732 --- [elewa-backend] [nio-8080-exec-4] o.s.web.servlet.DispatcherServlet        : Completed 200 OK
2026-04-01T12:10:55.002+03:00 DEBUG 10732 --- [elewa-backend] [nio-8080-exec-6] o.s.web.servlet.DispatcherServlet        : POST "/api/onboarding/complete", parameters={}
2026-04-01T12:10:55.004+03:00 DEBUG 10732 --- [elewa-backend] [nio-8080-exec-6] s.w.s.m.m.a.RequestMappingHandlerMapping : Mapped to com.elewa.backend.controller.OnboardingController#completeOnboarding(UserDetails)
2026-04-01T12:10:55.010+03:00 DEBUG 10732 --- [elewa-backend] [nio-8080-exec-6] o.s.w.s.m.m.a.HttpEntityMethodProcessor  : Using 'application/json', given [*/*] and supported [application/json, application/*+json]
2026-04-01T12:10:55.010+03:00 DEBUG 10732 --- [elewa-backend] [nio-8080-exec-6] o.s.w.s.m.m.a.HttpEntityMethodProcessor  : Writing [OnboardingResponse(learnerId=5ecac6dd-d571-43fc-8cf3-53a5e384b79a, message=Onboarding complete, onbo (truncated)...]
2026-04-01T12:10:55.011+03:00 DEBUG 10732 --- [elewa-backend] [nio-8080-exec-6] o.s.web.servlet.DispatcherServlet        : Completed 200 OK
2026-04-01T12:10:55.036+03:00 DEBUG 10732 --- [elewa-backend] [nio-8080-exec-7] o.s.web.servlet.DispatcherServlet        : POST "/api/onboarding/guardian-link", parameters={}
2026-04-01T12:10:55.036+03:00 DEBUG 10732 --- [elewa-backend] [nio-8080-exec-7] s.w.s.m.m.a.RequestMappingHandlerMapping : Mapped to com.elewa.backend.controller.OnboardingController#linkGuardian(UserDetails, GuardianLinkRequest)
2026-04-01T12:10:55.042+03:00 DEBUG 10732 --- [elewa-backend] [nio-8080-exec-7] m.m.a.RequestResponseBodyMethodProcessor : Read "application/json;charset=UTF-8" to [GuardianLinkRequest(fullName=Jane Guardian, relationship=PARENT, phone=+254700000000, email=guardian (truncated)...]
2026-04-01T12:10:55.057+03:00 DEBUG 10732 --- [elewa-backend] [nio-8080-exec-7] o.s.w.s.m.m.a.HttpEntityMethodProcessor  : Using 'application/json', given [*/*] and supported [application/json, application/*+json]
2026-04-01T12:10:55.057+03:00 DEBUG 10732 --- [elewa-backend] [nio-8080-exec-7] o.s.w.s.m.m.a.HttpEntityMethodProcessor  : Writing [GuardianLinkResponse(guardianId=a59fed0f-fb1f-444f-8449-cfd60989cafc, learnerId=5ecac6dd-d571-43fc-8 (truncated)...]
2026-04-01T12:10:55.058+03:00 DEBUG 10732 --- [elewa-backend] [nio-8080-exec-7] o.s.web.servlet.DispatcherServlet        : Completed 200 OK
2026-04-01T12:10:55.086+03:00 DEBUG 10732 --- [elewa-backend] [nio-8080-exec-8] o.s.web.servlet.DispatcherServlet        : POST "/api/content/upload/text", parameters={}
2026-04-01T12:10:55.086+03:00 DEBUG 10732 --- [elewa-backend] [nio-8080-exec-8] s.w.s.m.m.a.RequestMappingHandlerMapping : Mapped to com.elewa.backend.controller.ContentController#uploadText(UserDetails, TextUploadRequest)
2026-04-01T12:10:55.091+03:00 DEBUG 10732 --- [elewa-backend] [nio-8080-exec-8] m.m.a.RequestResponseBodyMethodProcessor : Read "application/json;charset=UTF-8" to [TextUploadRequest(text=Photosynthesis is the process by which plants convert sunlight into food. Chl (truncated)...]
2026-04-01T12:10:55.138+03:00 DEBUG 10732 --- [elewa-backend] [nio-8080-exec-8] com.elewa.backend.service.RealAiClient   : Calling AI: /ai/simplify/text
2026-04-01T12:10:55.212+03:00 DEBUG 10732 --- [elewa-backend] [nio-8080-exec-8] o.s.w.r.f.client.ExchangeFunctions       : [521582f2] HTTP POST http://localhost:8001/ai/simplify/text
2026-04-01T12:10:55.740+03:00 DEBUG 10732 --- [elewa-backend] [ctor-http-nio-2] org.springframework.web.HttpLogging      : [521582f2] Encoding [SimplifyTextRequest(learnerContext=LearnerContext(learnerId=5ecac6dd-d571-43fc-8cf3-53a5e384b79a, co (truncated)...]
2026-04-01T12:10:57.134+03:00 DEBUG 10732 --- [elewa-backend] [ctor-http-nio-2] o.s.w.r.f.client.ExchangeFunctions       : [521582f2] [3979cfc7-1] Response 200 OK
2026-04-01T12:10:57.151+03:00 DEBUG 10732 --- [elewa-backend] [ctor-http-nio-2] org.springframework.web.HttpLogging      : [521582f2] [3979cfc7-1] Decoded "{"title":"Plant Food Making","sections":[{"heading":"Plant Food","body":"Plants make food from sunli (truncated)..."
2026-04-01T12:10:57.172+03:00 DEBUG 10732 --- [elewa-backend] [nio-8080-exec-8] com.elewa.backend.service.RealAiClient   : Calling AI: /ai/quiz/generate
2026-04-01T12:10:57.172+03:00 DEBUG 10732 --- [elewa-backend] [nio-8080-exec-8] o.s.w.r.f.client.ExchangeFunctions       : [6e40e7d2] HTTP POST http://localhost:8001/ai/quiz/generate
2026-04-01T12:10:57.183+03:00 DEBUG 10732 --- [elewa-backend] [ctor-http-nio-2] org.springframework.web.HttpLogging      : [6e40e7d2] Encoding [GenerateQuizRequest(learnerContext=LearnerContext(learnerId=5ecac6dd-d571-43fc-8cf3-53a5e384b79a, co (truncated)...]
2026-04-01T12:10:58.483+03:00 DEBUG 10732 --- [elewa-backend] [ctor-http-nio-2] o.s.w.r.f.client.ExchangeFunctions       : [6e40e7d2] [3979cfc7-2] Response 200 OK
2026-04-01T12:10:58.483+03:00 DEBUG 10732 --- [elewa-backend] [ctor-http-nio-2] org.springframework.web.HttpLogging      : [6e40e7d2] [3979cfc7-2] Decoded "{"questions":[{"id":"q1","text":"What do plants make?","options":[{"id":"a","text":"Water"},{"id":"b (truncated)..."
2026-04-01T12:10:58.520+03:00 DEBUG 10732 --- [elewa-backend] [nio-8080-exec-8] .m.m.a.ExceptionHandlerExceptionResolver : Using @ExceptionHandler com.elewa.backend.common.GlobalExceptionHandler#handleGeneric(Exception)
2026-04-01T12:10:58.527+03:00 ERROR 10732 --- [elewa-backend] [nio-8080-exec-8] c.e.b.common.GlobalExceptionHandler      : Unhandled exception

org.springframework.orm.jpa.JpaObjectRetrievalFailureException: Unable to find com.elewa.backend.model.Lesson with id a58bda99-8a68-4410-a240-b80e31638ff0
	at org.springframework.orm.jpa.EntityManagerFactoryUtils.convertJpaAccessExceptionIfPossible(EntityManagerFactoryUtils.java:376) ~[spring-orm-6.1.5.jar:6.1.5]
	at org.springframework.orm.jpa.vendor.HibernateJpaDialect.translateExceptionIfPossible(HibernateJpaDialect.java:246) ~[spring-orm-6.1.5.jar:6.1.5]
	at org.springframework.orm.jpa.AbstractEntityManagerFactoryBean.translateExceptionIfPossible(AbstractEntityManagerFactoryBean.java:550) ~[spring-orm-6.1.5.jar:6.1.5]
	at org.springframework.dao.support.ChainedPersistenceExceptionTranslator.translateExceptionIfPossible(ChainedPersistenceExceptionTranslator.java:61) ~[spring-tx-6.1.5.jar:6.1.5]
	at org.springframework.dao.support.DataAccessUtils.translateIfNecessary(DataAccessUtils.java:335) ~[spring-tx-6.1.5.jar:6.1.5]
	at org.springframework.dao.support.PersistenceExceptionTranslationInterceptor.invoke(PersistenceExceptionTranslationInterceptor.java:152) ~[spring-tx-6.1.5.jar:6.1.5]
	at org.springframework.aop.framework.ReflectiveMethodInvocation.proceed(ReflectiveMethodInvocation.java:184) ~[spring-aop-6.1.5.jar:6.1.5]
	at org.springframework.data.jpa.repository.support.CrudMethodMetadataPostProcessor$CrudMethodMetadataPopulatingMethodInterceptor.invoke(CrudMethodMetadataPostProcessor.java:164) ~[spring-data-jpa-3.2.4.jar:3.2.4]
	at org.springframework.aop.framework.ReflectiveMethodInvocation.proceed(ReflectiveMethodInvocation.java:184) ~[spring-aop-6.1.5.jar:6.1.5]
	at org.springframework.aop.interceptor.ExposeInvocationInterceptor.invoke(ExposeInvocationInterceptor.java:97) ~[spring-aop-6.1.5.jar:6.1.5]
	at org.springframework.aop.framework.ReflectiveMethodInvocation.proceed(ReflectiveMethodInvocation.java:184) ~[spring-aop-6.1.5.jar:6.1.5]
	at org.springframework.data.repository.core.support.MethodInvocationValidator.invoke(MethodInvocationValidator.java:95) ~[spring-data-commons-3.2.4.jar:3.2.4]
	at org.springframework.aop.framework.ReflectiveMethodInvocation.proceed(ReflectiveMethodInvocation.java:184) ~[spring-aop-6.1.5.jar:6.1.5]
	at org.springframework.aop.framework.JdkDynamicAopProxy.invoke(JdkDynamicAopProxy.java:220) ~[spring-aop-6.1.5.jar:6.1.5]
	at jdk.proxy2/jdk.proxy2.$Proxy161.saveAll(Unknown Source) ~[na:na]
	at com.elewa.backend.service.LessonPersistenceService.persistLesson(LessonPersistenceService.kt:50) ~[main/:na]
	at java.base/jdk.internal.reflect.DirectMethodHandleAccessor.invoke(DirectMethodHandleAccessor.java:103) ~[na:na]
	at java.base/java.lang.reflect.Method.invoke(Method.java:580) ~[na:na]
	at org.springframework.aop.support.AopUtils.invokeJoinpointUsingReflection(AopUtils.java:351) ~[spring-aop-6.1.5.jar:6.1.5]
	at org.springframework.aop.framework.ReflectiveMethodInvocation.invokeJoinpoint(ReflectiveMethodInvocation.java:196) ~[spring-aop-6.1.5.jar:6.1.5]
	at org.springframework.aop.framework.ReflectiveMethodInvocation.proceed(ReflectiveMethodInvocation.java:163) ~[spring-aop-6.1.5.jar:6.1.5]
	at org.springframework.aop.framework.CglibAopProxy$CglibMethodInvocation.proceed(CglibAopProxy.java:765) ~[spring-aop-6.1.5.jar:6.1.5]
	at org.springframework.transaction.interceptor.TransactionInterceptor$1.proceedWithInvocation(TransactionInterceptor.java:123) ~[spring-tx-6.1.5.jar:6.1.5]
	at org.springframework.transaction.interceptor.TransactionAspectSupport.invokeWithinTransaction(TransactionAspectSupport.java:392) ~[spring-tx-6.1.5.jar:6.1.5]
	at org.springframework.transaction.interceptor.TransactionInterceptor.invoke(TransactionInterceptor.java:119) ~[spring-tx-6.1.5.jar:6.1.5]
	at org.springframework.aop.framework.ReflectiveMethodInvocation.proceed(ReflectiveMethodInvocation.java:184) ~[spring-aop-6.1.5.jar:6.1.5]
	at org.springframework.aop.framework.CglibAopProxy$CglibMethodInvocation.proceed(CglibAopProxy.java:765) ~[spring-aop-6.1.5.jar:6.1.5]
	at org.springframework.aop.framework.CglibAopProxy$DynamicAdvisedInterceptor.intercept(CglibAopProxy.java:717) ~[spring-aop-6.1.5.jar:6.1.5]
	at com.elewa.backend.service.LessonPersistenceService$$SpringCGLIB$$0.persistLesson(<generated>) ~[main/:na]
	at com.elewa.backend.service.ContentService.uploadText(ContentService.kt:33) ~[main/:na]
	at java.base/jdk.internal.reflect.DirectMethodHandleAccessor.invoke(DirectMethodHandleAccessor.java:103) ~[na:na]
	at java.base/java.lang.reflect.Method.invoke(Method.java:580) ~[na:na]
	at org.springframework.aop.support.AopUtils.invokeJoinpointUsingReflection(AopUtils.java:351) ~[spring-aop-6.1.5.jar:6.1.5]
	at org.springframework.aop.framework.CglibAopProxy$DynamicAdvisedInterceptor.intercept(CglibAopProxy.java:713) ~[spring-aop-6.1.5.jar:6.1.5]
	at com.elewa.backend.service.ContentService$$SpringCGLIB$$0.uploadText(<generated>) ~[main/:na]
	at com.elewa.backend.controller.ContentController.uploadText(ContentController.kt:23) ~[main/:na]
	at java.base/jdk.internal.reflect.DirectMethodHandleAccessor.invoke(DirectMethodHandleAccessor.java:103) ~[na:na]
	at java.base/java.lang.reflect.Method.invoke(Method.java:580) ~[na:na]
	at kotlin.reflect.jvm.internal.calls.CallerImpl$Method.callMethod(CallerImpl.kt:97) ~[kotlin-reflect-1.9.23.jar:1.9.23-release-779]
	at kotlin.reflect.jvm.internal.calls.CallerImpl$Method$Instance.call(CallerImpl.kt:113) ~[kotlin-reflect-1.9.23.jar:1.9.23-release-779]
	at kotlin.reflect.jvm.internal.KCallableImpl.callDefaultMethod$kotlin_reflection(KCallableImpl.kt:207) ~[kotlin-reflect-1.9.23.jar:1.9.23-release-779]
	at kotlin.reflect.jvm.internal.KCallableImpl.callBy(KCallableImpl.kt:112) ~[kotlin-reflect-1.9.23.jar:1.9.23-release-779]
	at org.springframework.web.method.support.InvocableHandlerMethod$KotlinDelegate.invokeFunction(InvocableHandlerMethod.java:332) ~[spring-web-6.1.5.jar:6.1.5]
	at org.springframework.web.method.support.InvocableHandlerMethod.doInvoke(InvocableHandlerMethod.java:252) ~[spring-web-6.1.5.jar:6.1.5]
	at org.springframework.web.method.support.InvocableHandlerMethod.invokeForRequest(InvocableHandlerMethod.java:188) ~[spring-web-6.1.5.jar:6.1.5]
	at org.springframework.web.servlet.mvc.method.annotation.ServletInvocableHandlerMethod.invokeAndHandle(ServletInvocableHandlerMethod.java:118) ~[spring-webmvc-6.1.5.jar:6.1.5]
	at org.springframework.web.servlet.mvc.method.annotation.RequestMappingHandlerAdapter.invokeHandlerMethod(RequestMappingHandlerAdapter.java:925) ~[spring-webmvc-6.1.5.jar:6.1.5]
	at org.springframework.web.servlet.mvc.method.annotation.RequestMappingHandlerAdapter.handleInternal(RequestMappingHandlerAdapter.java:830) ~[spring-webmvc-6.1.5.jar:6.1.5]
	at org.springframework.web.servlet.mvc.method.AbstractHandlerMethodAdapter.handle(AbstractHandlerMethodAdapter.java:87) ~[spring-webmvc-6.1.5.jar:6.1.5]
	at org.springframework.web.servlet.DispatcherServlet.doDispatch(DispatcherServlet.java:1089) ~[spring-webmvc-6.1.5.jar:6.1.5]
	at org.springframework.web.servlet.DispatcherServlet.doService(DispatcherServlet.java:979) ~[spring-webmvc-6.1.5.jar:6.1.5]
	at org.springframework.web.servlet.FrameworkServlet.processRequest(FrameworkServlet.java:1014) ~[spring-webmvc-6.1.5.jar:6.1.5]
	at org.springframework.web.servlet.FrameworkServlet.doPost(FrameworkServlet.java:914) ~[spring-webmvc-6.1.5.jar:6.1.5]
	at jakarta.servlet.http.HttpServlet.service(HttpServlet.java:590) ~[tomcat-embed-core-10.1.19.jar:6.0]
	at org.springframework.web.servlet.FrameworkServlet.service(FrameworkServlet.java:885) ~[spring-webmvc-6.1.5.jar:6.1.5]
	at jakarta.servlet.http.HttpServlet.service(HttpServlet.java:658) ~[tomcat-embed-core-10.1.19.jar:6.0]
	at org.apache.catalina.core.ApplicationFilterChain.internalDoFilter(ApplicationFilterChain.java:205) ~[tomcat-embed-core-10.1.19.jar:10.1.19]
	at org.apache.catalina.core.ApplicationFilterChain.doFilter(ApplicationFilterChain.java:149) ~[tomcat-embed-core-10.1.19.jar:10.1.19]
	at org.apache.tomcat.websocket.server.WsFilter.doFilter(WsFilter.java:51) ~[tomcat-embed-websocket-10.1.19.jar:10.1.19]
	at org.apache.catalina.core.ApplicationFilterChain.internalDoFilter(ApplicationFilterChain.java:174) ~[tomcat-embed-core-10.1.19.jar:10.1.19]
	at org.apache.catalina.core.ApplicationFilterChain.doFilter(ApplicationFilterChain.java:149) ~[tomcat-embed-core-10.1.19.jar:10.1.19]
	at org.springframework.web.filter.OncePerRequestFilter.doFilter(OncePerRequestFilter.java:110) ~[spring-web-6.1.5.jar:6.1.5]
	at org.apache.catalina.core.ApplicationFilterChain.internalDoFilter(ApplicationFilterChain.java:174) ~[tomcat-embed-core-10.1.19.jar:10.1.19]
	at org.apache.catalina.core.ApplicationFilterChain.doFilter(ApplicationFilterChain.java:149) ~[tomcat-embed-core-10.1.19.jar:10.1.19]
	at org.springframework.web.filter.CompositeFilter$VirtualFilterChain.doFilter(CompositeFilter.java:108) ~[spring-web-6.1.5.jar:6.1.5]
	at org.springframework.security.web.FilterChainProxy.lambda$doFilterInternal$3(FilterChainProxy.java:231) ~[spring-security-web-6.2.3.jar:6.2.3]
	at org.springframework.security.web.ObservationFilterChainDecorator$FilterObservation$SimpleFilterObservation.lambda$wrap$1(ObservationFilterChainDecorator.java:479) ~[spring-security-web-6.2.3.jar:6.2.3]
	at org.springframework.security.web.ObservationFilterChainDecorator$AroundFilterObservation$SimpleAroundFilterObservation.lambda$wrap$1(ObservationFilterChainDecorator.java:340) ~[spring-security-web-6.2.3.jar:6.2.3]
	at org.springframework.security.web.ObservationFilterChainDecorator.lambda$wrapSecured$0(ObservationFilterChainDecorator.java:82) ~[spring-security-web-6.2.3.jar:6.2.3]
	at org.springframework.security.web.ObservationFilterChainDecorator$VirtualFilterChain.doFilter(ObservationFilterChainDecorator.java:128) ~[spring-security-web-6.2.3.jar:6.2.3]
	at org.springframework.security.web.access.intercept.AuthorizationFilter.doFilter(AuthorizationFilter.java:100) ~[spring-security-web-6.2.3.jar:6.2.3]
	at org.springframework.security.web.ObservationFilterChainDecorator$ObservationFilter.wrapFilter(ObservationFilterChainDecorator.java:240) ~[spring-security-web-6.2.3.jar:6.2.3]
	at org.springframework.security.web.ObservationFilterChainDecorator$ObservationFilter.doFilter(ObservationFilterChainDecorator.java:227) ~[spring-security-web-6.2.3.jar:6.2.3]
	at org.springframework.security.web.ObservationFilterChainDecorator$VirtualFilterChain.doFilter(ObservationFilterChainDecorator.java:137) ~[spring-security-web-6.2.3.jar:6.2.3]
	at org.springframework.security.web.access.ExceptionTranslationFilter.doFilter(ExceptionTranslationFilter.java:126) ~[spring-security-web-6.2.3.jar:6.2.3]
	at org.springframework.security.web.access.ExceptionTranslationFilter.doFilter(ExceptionTranslationFilter.java:120) ~[spring-security-web-6.2.3.jar:6.2.3]
	at org.springframework.security.web.ObservationFilterChainDecorator$ObservationFilter.wrapFilter(ObservationFilterChainDecorator.java:240) ~[spring-security-web-6.2.3.jar:6.2.3]
	at org.springframework.security.web.ObservationFilterChainDecorator$ObservationFilter.doFilter(ObservationFilterChainDecorator.java:227) ~[spring-security-web-6.2.3.jar:6.2.3]
	at org.springframework.security.web.ObservationFilterChainDecorator$VirtualFilterChain.doFilter(ObservationFilterChainDecorator.java:137) ~[spring-security-web-6.2.3.jar:6.2.3]
	at org.springframework.security.web.session.SessionManagementFilter.doFilter(SessionManagementFilter.java:131) ~[spring-security-web-6.2.3.jar:6.2.3]
	at org.springframework.security.web.session.SessionManagementFilter.doFilter(SessionManagementFilter.java:85) ~[spring-security-web-6.2.3.jar:6.2.3]
	at org.springframework.security.web.ObservationFilterChainDecorator$ObservationFilter.wrapFilter(ObservationFilterChainDecorator.java:240) ~[spring-security-web-6.2.3.jar:6.2.3]
	at org.springframework.security.web.ObservationFilterChainDecorator$ObservationFilter.doFilter(ObservationFilterChainDecorator.java:227) ~[spring-security-web-6.2.3.jar:6.2.3]
	at org.springframework.security.web.ObservationFilterChainDecorator$VirtualFilterChain.doFilter(ObservationFilterChainDecorator.java:137) ~[spring-security-web-6.2.3.jar:6.2.3]
	at org.springframework.security.web.authentication.AnonymousAuthenticationFilter.doFilter(AnonymousAuthenticationFilter.java:100) ~[spring-security-web-6.2.3.jar:6.2.3]
	at org.springframework.security.web.ObservationFilterChainDecorator$ObservationFilter.wrapFilter(ObservationFilterChainDecorator.java:240) ~[spring-security-web-6.2.3.jar:6.2.3]
	at org.springframework.security.web.ObservationFilterChainDecorator$ObservationFilter.doFilter(ObservationFilterChainDecorator.java:227) ~[spring-security-web-6.2.3.jar:6.2.3]
	at org.springframework.security.web.ObservationFilterChainDecorator$VirtualFilterChain.doFilter(ObservationFilterChainDecorator.java:137) ~[spring-security-web-6.2.3.jar:6.2.3]
	at org.springframework.security.web.servletapi.SecurityContextHolderAwareRequestFilter.doFilter(SecurityContextHolderAwareRequestFilter.java:179) ~[spring-security-web-6.2.3.jar:6.2.3]
	at org.springframework.security.web.ObservationFilterChainDecorator$ObservationFilter.wrapFilter(ObservationFilterChainDecorator.java:240) ~[spring-security-web-6.2.3.jar:6.2.3]
	at org.springframework.security.web.ObservationFilterChainDecorator$ObservationFilter.doFilter(ObservationFilterChainDecorator.java:227) ~[spring-security-web-6.2.3.jar:6.2.3]
	at org.springframework.security.web.ObservationFilterChainDecorator$VirtualFilterChain.doFilter(ObservationFilterChainDecorator.java:137) ~[spring-security-web-6.2.3.jar:6.2.3]
	at org.springframework.security.web.savedrequest.RequestCacheAwareFilter.doFilter(RequestCacheAwareFilter.java:63) ~[spring-security-web-6.2.3.jar:6.2.3]
	at org.springframework.security.web.ObservationFilterChainDecorator$ObservationFilter.wrapFilter(ObservationFilterChainDecorator.java:240) ~[spring-security-web-6.2.3.jar:6.2.3]
	at org.springframework.security.web.ObservationFilterChainDecorator$ObservationFilter.doFilter(ObservationFilterChainDecorator.java:227) ~[spring-security-web-6.2.3.jar:6.2.3]
	at org.springframework.security.web.ObservationFilterChainDecorator$VirtualFilterChain.doFilter(ObservationFilterChainDecorator.java:137) ~[spring-security-web-6.2.3.jar:6.2.3]
	at com.elewa.backend.security.JwtAuthFilter.doFilterInternal(JwtAuthFilter.kt:44) ~[main/:na]
	at org.springframework.web.filter.OncePerRequestFilter.doFilter(OncePerRequestFilter.java:116) ~[spring-web-6.1.5.jar:6.1.5]
	at org.springframework.security.web.ObservationFilterChainDecorator$ObservationFilter.wrapFilter(ObservationFilterChainDecorator.java:240) ~[spring-security-web-6.2.3.jar:6.2.3]
	at org.springframework.security.web.ObservationFilterChainDecorator$ObservationFilter.doFilter(ObservationFilterChainDecorator.java:227) ~[spring-security-web-6.2.3.jar:6.2.3]
	at org.springframework.security.web.ObservationFilterChainDecorator$VirtualFilterChain.doFilter(ObservationFilterChainDecorator.java:137) ~[spring-security-web-6.2.3.jar:6.2.3]
	at org.springframework.security.web.authentication.logout.LogoutFilter.doFilter(LogoutFilter.java:107) ~[spring-security-web-6.2.3.jar:6.2.3]
	at org.springframework.security.web.authentication.logout.LogoutFilter.doFilter(LogoutFilter.java:93) ~[spring-security-web-6.2.3.jar:6.2.3]
	at org.springframework.security.web.ObservationFilterChainDecorator$ObservationFilter.wrapFilter(ObservationFilterChainDecorator.java:240) ~[spring-security-web-6.2.3.jar:6.2.3]
	at org.springframework.security.web.ObservationFilterChainDecorator$ObservationFilter.doFilter(ObservationFilterChainDecorator.java:227) ~[spring-security-web-6.2.3.jar:6.2.3]
	at org.springframework.security.web.ObservationFilterChainDecorator$VirtualFilterChain.doFilter(ObservationFilterChainDecorator.java:137) ~[spring-security-web-6.2.3.jar:6.2.3]
	at org.springframework.web.filter.CorsFilter.doFilterInternal(CorsFilter.java:91) ~[spring-web-6.1.5.jar:6.1.5]
	at org.springframework.web.filter.OncePerRequestFilter.doFilter(OncePerRequestFilter.java:116) ~[spring-web-6.1.5.jar:6.1.5]
	at org.springframework.security.web.ObservationFilterChainDecorator$ObservationFilter.wrapFilter(ObservationFilterChainDecorator.java:240) ~[spring-security-web-6.2.3.jar:6.2.3]
	at org.springframework.security.web.ObservationFilterChainDecorator$ObservationFilter.doFilter(ObservationFilterChainDecorator.java:227) ~[spring-security-web-6.2.3.jar:6.2.3]
	at org.springframework.security.web.ObservationFilterChainDecorator$VirtualFilterChain.doFilter(ObservationFilterChainDecorator.java:137) ~[spring-security-web-6.2.3.jar:6.2.3]
	at org.springframework.security.web.header.HeaderWriterFilter.doHeadersAfter(HeaderWriterFilter.java:90) ~[spring-security-web-6.2.3.jar:6.2.3]
	at org.springframework.security.web.header.HeaderWriterFilter.doFilterInternal(HeaderWriterFilter.java:75) ~[spring-security-web-6.2.3.jar:6.2.3]
	at org.springframework.web.filter.OncePerRequestFilter.doFilter(OncePerRequestFilter.java:116) ~[spring-web-6.1.5.jar:6.1.5]
	at org.springframework.security.web.ObservationFilterChainDecorator$ObservationFilter.wrapFilter(ObservationFilterChainDecorator.java:240) ~[spring-security-web-6.2.3.jar:6.2.3]
	at org.springframework.security.web.ObservationFilterChainDecorator$ObservationFilter.doFilter(ObservationFilterChainDecorator.java:227) ~[spring-security-web-6.2.3.jar:6.2.3]
	at org.springframework.security.web.ObservationFilterChainDecorator$VirtualFilterChain.doFilter(ObservationFilterChainDecorator.java:137) ~[spring-security-web-6.2.3.jar:6.2.3]
	at org.springframework.security.web.context.SecurityContextHolderFilter.doFilter(SecurityContextHolderFilter.java:82) ~[spring-security-web-6.2.3.jar:6.2.3]
	at org.springframework.security.web.context.SecurityContextHolderFilter.doFilter(SecurityContextHolderFilter.java:69) ~[spring-security-web-6.2.3.jar:6.2.3]
	at org.springframework.security.web.ObservationFilterChainDecorator$ObservationFilter.wrapFilter(ObservationFilterChainDecorator.java:240) ~[spring-security-web-6.2.3.jar:6.2.3]
	at org.springframework.security.web.ObservationFilterChainDecorator$ObservationFilter.doFilter(ObservationFilterChainDecorator.java:227) ~[spring-security-web-6.2.3.jar:6.2.3]
	at org.springframework.security.web.ObservationFilterChainDecorator$VirtualFilterChain.doFilter(ObservationFilterChainDecorator.java:137) ~[spring-security-web-6.2.3.jar:6.2.3]
	at org.springframework.security.web.context.request.async.WebAsyncManagerIntegrationFilter.doFilterInternal(WebAsyncManagerIntegrationFilter.java:62) ~[spring-security-web-6.2.3.jar:6.2.3]
	at org.springframework.web.filter.OncePerRequestFilter.doFilter(OncePerRequestFilter.java:116) ~[spring-web-6.1.5.jar:6.1.5]
	at org.springframework.security.web.ObservationFilterChainDecorator$ObservationFilter.wrapFilter(ObservationFilterChainDecorator.java:240) ~[spring-security-web-6.2.3.jar:6.2.3]
	at org.springframework.security.web.ObservationFilterChainDecorator$ObservationFilter.doFilter(ObservationFilterChainDecorator.java:227) ~[spring-security-web-6.2.3.jar:6.2.3]
	at org.springframework.security.web.ObservationFilterChainDecorator$VirtualFilterChain.doFilter(ObservationFilterChainDecorator.java:137) ~[spring-security-web-6.2.3.jar:6.2.3]
	at org.springframework.security.web.session.DisableEncodeUrlFilter.doFilterInternal(DisableEncodeUrlFilter.java:42) ~[spring-security-web-6.2.3.jar:6.2.3]
	at org.springframework.web.filter.OncePerRequestFilter.doFilter(OncePerRequestFilter.java:116) ~[spring-web-6.1.5.jar:6.1.5]
	at org.springframework.security.web.ObservationFilterChainDecorator$ObservationFilter.wrapFilter(ObservationFilterChainDecorator.java:240) ~[spring-security-web-6.2.3.jar:6.2.3]
	at org.springframework.security.web.ObservationFilterChainDecorator$AroundFilterObservation$SimpleAroundFilterObservation.lambda$wrap$0(ObservationFilterChainDecorator.java:323) ~[spring-security-web-6.2.3.jar:6.2.3]
	at org.springframework.security.web.ObservationFilterChainDecorator$ObservationFilter.doFilter(ObservationFilterChainDecorator.java:224) ~[spring-security-web-6.2.3.jar:6.2.3]
	at org.springframework.security.web.ObservationFilterChainDecorator$VirtualFilterChain.doFilter(ObservationFilterChainDecorator.java:137) ~[spring-security-web-6.2.3.jar:6.2.3]
	at org.springframework.security.web.FilterChainProxy.doFilterInternal(FilterChainProxy.java:233) ~[spring-security-web-6.2.3.jar:6.2.3]
	at org.springframework.security.web.FilterChainProxy.doFilter(FilterChainProxy.java:191) ~[spring-security-web-6.2.3.jar:6.2.3]
	at org.springframework.web.filter.CompositeFilter$VirtualFilterChain.doFilter(CompositeFilter.java:113) ~[spring-web-6.1.5.jar:6.1.5]
	at org.springframework.web.servlet.handler.HandlerMappingIntrospector.lambda$createCacheFilter$3(HandlerMappingIntrospector.java:195) ~[spring-webmvc-6.1.5.jar:6.1.5]
	at org.springframework.web.filter.CompositeFilter$VirtualFilterChain.doFilter(CompositeFilter.java:113) ~[spring-web-6.1.5.jar:6.1.5]
	at org.springframework.web.filter.CompositeFilter.doFilter(CompositeFilter.java:74) ~[spring-web-6.1.5.jar:6.1.5]
	at org.springframework.security.config.annotation.web.configuration.WebMvcSecurityConfiguration$CompositeFilterChainProxy.doFilter(WebMvcSecurityConfiguration.java:230) ~[spring-security-config-6.2.3.jar:6.2.3]
	at org.springframework.web.filter.DelegatingFilterProxy.invokeDelegate(DelegatingFilterProxy.java:352) ~[spring-web-6.1.5.jar:6.1.5]
	at org.springframework.web.filter.DelegatingFilterProxy.doFilter(DelegatingFilterProxy.java:268) ~[spring-web-6.1.5.jar:6.1.5]
	at org.apache.catalina.core.ApplicationFilterChain.internalDoFilter(ApplicationFilterChain.java:174) ~[tomcat-embed-core-10.1.19.jar:10.1.19]
	at org.apache.catalina.core.ApplicationFilterChain.doFilter(ApplicationFilterChain.java:149) ~[tomcat-embed-core-10.1.19.jar:10.1.19]
	at org.springframework.web.filter.RequestContextFilter.doFilterInternal(RequestContextFilter.java:100) ~[spring-web-6.1.5.jar:6.1.5]
	at org.springframework.web.filter.OncePerRequestFilter.doFilter(OncePerRequestFilter.java:116) ~[spring-web-6.1.5.jar:6.1.5]
	at org.apache.catalina.core.ApplicationFilterChain.internalDoFilter(ApplicationFilterChain.java:174) ~[tomcat-embed-core-10.1.19.jar:10.1.19]
	at org.apache.catalina.core.ApplicationFilterChain.doFilter(ApplicationFilterChain.java:149) ~[tomcat-embed-core-10.1.19.jar:10.1.19]
	at org.springframework.web.filter.FormContentFilter.doFilterInternal(FormContentFilter.java:93) ~[spring-web-6.1.5.jar:6.1.5]
	at org.springframework.web.filter.OncePerRequestFilter.doFilter(OncePerRequestFilter.java:116) ~[spring-web-6.1.5.jar:6.1.5]
	at org.apache.catalina.core.ApplicationFilterChain.internalDoFilter(ApplicationFilterChain.java:174) ~[tomcat-embed-core-10.1.19.jar:10.1.19]
	at org.apache.catalina.core.ApplicationFilterChain.doFilter(ApplicationFilterChain.java:149) ~[tomcat-embed-core-10.1.19.jar:10.1.19]
	at org.springframework.web.filter.ServerHttpObservationFilter.doFilterInternal(ServerHttpObservationFilter.java:109) ~[spring-web-6.1.5.jar:6.1.5]
	at org.springframework.web.filter.OncePerRequestFilter.doFilter(OncePerRequestFilter.java:116) ~[spring-web-6.1.5.jar:6.1.5]
	at org.apache.catalina.core.ApplicationFilterChain.internalDoFilter(ApplicationFilterChain.java:174) ~[tomcat-embed-core-10.1.19.jar:10.1.19]
	at org.apache.catalina.core.ApplicationFilterChain.doFilter(ApplicationFilterChain.java:149) ~[tomcat-embed-core-10.1.19.jar:10.1.19]
	at org.springframework.web.filter.CharacterEncodingFilter.doFilterInternal(CharacterEncodingFilter.java:201) ~[spring-web-6.1.5.jar:6.1.5]
	at org.springframework.web.filter.OncePerRequestFilter.doFilter(OncePerRequestFilter.java:116) ~[spring-web-6.1.5.jar:6.1.5]
	at org.apache.catalina.core.ApplicationFilterChain.internalDoFilter(ApplicationFilterChain.java:174) ~[tomcat-embed-core-10.1.19.jar:10.1.19]
	at org.apache.catalina.core.ApplicationFilterChain.doFilter(ApplicationFilterChain.java:149) ~[tomcat-embed-core-10.1.19.jar:10.1.19]
	at org.apache.catalina.core.StandardWrapperValve.invoke(StandardWrapperValve.java:167) ~[tomcat-embed-core-10.1.19.jar:10.1.19]
	at org.apache.catalina.core.StandardContextValve.invoke(StandardContextValve.java:90) ~[tomcat-embed-core-10.1.19.jar:10.1.19]
	at org.apache.catalina.authenticator.AuthenticatorBase.invoke(AuthenticatorBase.java:482) ~[tomcat-embed-core-10.1.19.jar:10.1.19]
	at org.apache.catalina.core.StandardHostValve.invoke(StandardHostValve.java:115) ~[tomcat-embed-core-10.1.19.jar:10.1.19]
	at org.apache.catalina.valves.ErrorReportValve.invoke(ErrorReportValve.java:93) ~[tomcat-embed-core-10.1.19.jar:10.1.19]
	at org.apache.catalina.core.StandardEngineValve.invoke(StandardEngineValve.java:74) ~[tomcat-embed-core-10.1.19.jar:10.1.19]
	at org.apache.catalina.connector.CoyoteAdapter.service(CoyoteAdapter.java:344) ~[tomcat-embed-core-10.1.19.jar:10.1.19]
	at org.apache.coyote.http11.Http11Processor.service(Http11Processor.java:391) ~[tomcat-embed-core-10.1.19.jar:10.1.19]
	at org.apache.coyote.AbstractProcessorLight.process(AbstractProcessorLight.java:63) ~[tomcat-embed-core-10.1.19.jar:10.1.19]
	at org.apache.coyote.AbstractProtocol$ConnectionHandler.process(AbstractProtocol.java:896) ~[tomcat-embed-core-10.1.19.jar:10.1.19]
	at org.apache.tomcat.util.net.NioEndpoint$SocketProcessor.doRun(NioEndpoint.java:1744) ~[tomcat-embed-core-10.1.19.jar:10.1.19]
	at org.apache.tomcat.util.net.SocketProcessorBase.run(SocketProcessorBase.java:52) ~[tomcat-embed-core-10.1.19.jar:10.1.19]
	at org.apache.tomcat.util.threads.ThreadPoolExecutor.runWorker(ThreadPoolExecutor.java:1191) ~[tomcat-embed-core-10.1.19.jar:10.1.19]
	at org.apache.tomcat.util.threads.ThreadPoolExecutor$Worker.run(ThreadPoolExecutor.java:659) ~[tomcat-embed-core-10.1.19.jar:10.1.19]
	at org.apache.tomcat.util.threads.TaskThread$WrappingRunnable.run(TaskThread.java:63) ~[tomcat-embed-core-10.1.19.jar:10.1.19]
	at java.base/java.lang.Thread.run(Thread.java:1583) ~[na:na]
Caused by: jakarta.persistence.EntityNotFoundException: Unable to find com.elewa.backend.model.Lesson with id a58bda99-8a68-4410-a240-b80e31638ff0
	at org.hibernate.jpa.boot.internal.EntityManagerFactoryBuilderImpl$JpaEntityNotFoundDelegate.handleEntityNotFound(EntityManagerFactoryBuilderImpl.java:191) ~[hibernate-core-6.4.4.Final.jar:6.4.4.Final]
	at org.hibernate.event.internal.DefaultLoadEventListener.load(DefaultLoadEventListener.java:212) ~[hibernate-core-6.4.4.Final.jar:6.4.4.Final]
	at org.hibernate.event.internal.DefaultLoadEventListener.proxyOrLoad(DefaultLoadEventListener.java:246) ~[hibernate-core-6.4.4.Final.jar:6.4.4.Final]
	at org.hibernate.event.internal.DefaultLoadEventListener.doOnLoad(DefaultLoadEventListener.java:111) ~[hibernate-core-6.4.4.Final.jar:6.4.4.Final]
	at org.hibernate.event.internal.DefaultLoadEventListener.onLoad(DefaultLoadEventListener.java:68) ~[hibernate-core-6.4.4.Final.jar:6.4.4.Final]
	at org.hibernate.event.service.internal.EventListenerGroupImpl.fireEventOnEachListener(EventListenerGroupImpl.java:138) ~[hibernate-core-6.4.4.Final.jar:6.4.4.Final]
	at org.hibernate.internal.SessionImpl.fireLoadNoChecks(SessionImpl.java:1222) ~[hibernate-core-6.4.4.Final.jar:6.4.4.Final]
	at org.hibernate.internal.SessionImpl.internalLoad(SessionImpl.java:1068) ~[hibernate-core-6.4.4.Final.jar:6.4.4.Final]
	at org.hibernate.type.EntityType.resolveIdentifier(EntityType.java:694) ~[hibernate-core-6.4.4.Final.jar:6.4.4.Final]
	at org.hibernate.type.EntityType.resolve(EntityType.java:417) ~[hibernate-core-6.4.4.Final.jar:6.4.4.Final]
	at org.hibernate.type.EntityType.replace(EntityType.java:340) ~[hibernate-core-6.4.4.Final.jar:6.4.4.Final]
	at org.hibernate.type.AbstractType.replace(AbstractType.java:125) ~[hibernate-core-6.4.4.Final.jar:6.4.4.Final]
	at org.hibernate.type.TypeHelper.replace(TypeHelper.java:154) ~[hibernate-core-6.4.4.Final.jar:6.4.4.Final]
	at org.hibernate.event.internal.DefaultMergeEventListener.copyValues(DefaultMergeEventListener.java:614) ~[hibernate-core-6.4.4.Final.jar:6.4.4.Final]
	at org.hibernate.event.internal.DefaultMergeEventListener.entityIsTransient(DefaultMergeEventListener.java:296) ~[hibernate-core-6.4.4.Final.jar:6.4.4.Final]
	at org.hibernate.event.internal.DefaultMergeEventListener.entityIsDetached(DefaultMergeEventListener.java:418) ~[hibernate-core-6.4.4.Final.jar:6.4.4.Final]
	at org.hibernate.event.internal.DefaultMergeEventListener.merge(DefaultMergeEventListener.java:208) ~[hibernate-core-6.4.4.Final.jar:6.4.4.Final]
	at org.hibernate.event.internal.DefaultMergeEventListener.doMerge(DefaultMergeEventListener.java:146) ~[hibernate-core-6.4.4.Final.jar:6.4.4.Final]
	at org.hibernate.event.internal.DefaultMergeEventListener.onMerge(DefaultMergeEventListener.java:130) ~[hibernate-core-6.4.4.Final.jar:6.4.4.Final]
	at org.hibernate.event.internal.DefaultMergeEventListener.onMerge(DefaultMergeEventListener.java:84) ~[hibernate-core-6.4.4.Final.jar:6.4.4.Final]
	at org.hibernate.event.service.internal.EventListenerGroupImpl.fireEventOnEachListener(EventListenerGroupImpl.java:127) ~[hibernate-core-6.4.4.Final.jar:6.4.4.Final]
	at org.hibernate.internal.SessionImpl.fireMerge(SessionImpl.java:847) ~[hibernate-core-6.4.4.Final.jar:6.4.4.Final]
	at org.hibernate.internal.SessionImpl.merge(SessionImpl.java:833) ~[hibernate-core-6.4.4.Final.jar:6.4.4.Final]
	at java.base/jdk.internal.reflect.DirectMethodHandleAccessor.invoke(DirectMethodHandleAccessor.java:103) ~[na:na]
	at java.base/java.lang.reflect.Method.invoke(Method.java:580) ~[na:na]
	at org.springframework.orm.jpa.SharedEntityManagerCreator$SharedEntityManagerInvocationHandler.invoke(SharedEntityManagerCreator.java:319) ~[spring-orm-6.1.5.jar:6.1.5]
	at jdk.proxy2/jdk.proxy2.$Proxy146.merge(Unknown Source) ~[na:na]
	at org.springframework.data.jpa.repository.support.SimpleJpaRepository.save(SimpleJpaRepository.java:621) ~[spring-data-jpa-3.2.4.jar:3.2.4]
	at org.springframework.data.jpa.repository.support.SimpleJpaRepository.saveAll(SimpleJpaRepository.java:644) ~[spring-data-jpa-3.2.4.jar:3.2.4]
	at org.springframework.data.jpa.repository.support.SimpleJpaRepository.saveAll(SimpleJpaRepository.java:1) ~[spring-data-jpa-3.2.4.jar:3.2.4]
	at java.base/jdk.internal.reflect.DirectMethodHandleAccessor.invoke(DirectMethodHandleAccessor.java:103) ~[na:na]
	at java.base/java.lang.reflect.Method.invoke(Method.java:580) ~[na:na]
	at org.springframework.aop.support.AopUtils.invokeJoinpointUsingReflection(AopUtils.java:351) ~[spring-aop-6.1.5.jar:6.1.5]
	at org.springframework.data.repository.core.support.RepositoryMethodInvoker$RepositoryFragmentMethodInvoker.lambda$new$0(RepositoryMethodInvoker.java:277) ~[spring-data-commons-3.2.4.jar:3.2.4]
	at org.springframework.data.repository.core.support.RepositoryMethodInvoker.doInvoke(RepositoryMethodInvoker.java:170) ~[spring-data-commons-3.2.4.jar:3.2.4]
	at org.springframework.data.repository.core.support.RepositoryMethodInvoker.invoke(RepositoryMethodInvoker.java:158) ~[spring-data-commons-3.2.4.jar:3.2.4]
	at org.springframework.data.repository.core.support.RepositoryComposition$RepositoryFragments.invoke(RepositoryComposition.java:516) ~[spring-data-commons-3.2.4.jar:3.2.4]
	at org.springframework.data.repository.core.support.RepositoryComposition.invoke(RepositoryComposition.java:285) ~[spring-data-commons-3.2.4.jar:3.2.4]
	at org.springframework.data.repository.core.support.RepositoryFactorySupport$ImplementationMethodExecutionInterceptor.invoke(RepositoryFactorySupport.java:628) ~[spring-data-commons-3.2.4.jar:3.2.4]
	at org.springframework.aop.framework.ReflectiveMethodInvocation.proceed(ReflectiveMethodInvocation.java:184) ~[spring-aop-6.1.5.jar:6.1.5]
	at org.springframework.data.repository.core.support.QueryExecutorMethodInterceptor.doInvoke(QueryExecutorMethodInterceptor.java:168) ~[spring-data-commons-3.2.4.jar:3.2.4]
	at org.springframework.data.repository.core.support.QueryExecutorMethodInterceptor.invoke(QueryExecutorMethodInterceptor.java:143) ~[spring-data-commons-3.2.4.jar:3.2.4]
	at org.springframework.aop.framework.ReflectiveMethodInvocation.proceed(ReflectiveMethodInvocation.java:184) ~[spring-aop-6.1.5.jar:6.1.5]
	at org.springframework.data.projection.DefaultMethodInvokingMethodInterceptor.invoke(DefaultMethodInvokingMethodInterceptor.java:70) ~[spring-data-commons-3.2.4.jar:3.2.4]
	at org.springframework.aop.framework.ReflectiveMethodInvocation.proceed(ReflectiveMethodInvocation.java:184) ~[spring-aop-6.1.5.jar:6.1.5]
	at org.springframework.transaction.interceptor.TransactionInterceptor$1.proceedWithInvocation(TransactionInterceptor.java:123) ~[spring-tx-6.1.5.jar:6.1.5]
	at org.springframework.transaction.interceptor.TransactionAspectSupport.invokeWithinTransaction(TransactionAspectSupport.java:392) ~[spring-tx-6.1.5.jar:6.1.5]
	at org.springframework.transaction.interceptor.TransactionInterceptor.invoke(TransactionInterceptor.java:119) ~[spring-tx-6.1.5.jar:6.1.5]
	at org.springframework.aop.framework.ReflectiveMethodInvocation.proceed(ReflectiveMethodInvocation.java:184) ~[spring-aop-6.1.5.jar:6.1.5]
	at org.springframework.dao.support.PersistenceExceptionTranslationInterceptor.invoke(PersistenceExceptionTranslationInterceptor.java:137) ~[spring-tx-6.1.5.jar:6.1.5]
	... 170 common frames omitted

2026-04-01T12:10:58.547+03:00 DEBUG 10732 --- [elewa-backend] [nio-8080-exec-8] o.s.w.s.m.m.a.HttpEntityMethodProcessor  : Using 'application/json', given [*/*] and supported [application/json, application/*+json]
2026-04-01T12:10:58.552+03:00 DEBUG 10732 --- [elewa-backend] [nio-8080-exec-8] o.s.w.s.m.m.a.HttpEntityMethodProcessor  : Writing [ErrorResponse(status=500, error=An unexpected error occurred. Please try again., details=null, times (truncated)...]
2026-04-01T12:10:58.554+03:00 DEBUG 10732 --- [elewa-backend] [nio-8080-exec-8] .m.m.a.ExceptionHandlerExceptionResolver : Resolved [org.springframework.orm.jpa.JpaObjectRetrievalFailureException: Unable to find com.elewa.backend.model.Lesson with id a58bda99-8a68-4410-a240-b80e31638ff0]
2026-04-01T12:10:58.555+03:00 DEBUG 10732 --- [elewa-backend] [nio-8080-exec-8] o.s.web.servlet.DispatcherServlet        : Completed 500 INTERNAL_SERVER_ERROR
2026-04-01T12:10:58.571+03:00 DEBUG 10732 --- [elewa-backend] [nio-8080-exec-9] o.s.web.servlet.DispatcherServlet        : GET "/api/progress/dashboard", parameters={}
2026-04-01T12:10:58.571+03:00 DEBUG 10732 --- [elewa-backend] [nio-8080-exec-9] s.w.s.m.m.a.RequestMappingHandlerMapping : Mapped to com.elewa.backend.controller.ProgressController#getDashboard(UserDetails)
2026-04-01T12:10:58.637+03:00 DEBUG 10732 --- [elewa-backend] [nio-8080-exec-9] o.s.w.s.m.m.a.HttpEntityMethodProcessor  : Using 'application/json', given [*/*] and supported [application/json, application/*+json]
2026-04-01T12:10:58.640+03:00 DEBUG 10732 --- [elewa-backend] [nio-8080-exec-9] o.s.w.s.m.m.a.HttpEntityMethodProcessor  : Writing [DashboardResponse(lessonsCompleted=0, avgQuizScore=null, recentLessons=[], quizHistory=[])]
2026-04-01T12:10:58.648+03:00 DEBUG 10732 --- [elewa-backend] [nio-8080-exec-9] o.s.web.servlet.DispatcherServlet        : Completed 200 OK
2026-04-01T12:10:58.680+03:00 DEBUG 10732 --- [elewa-backend] [io-8080-exec-10] o.s.web.servlet.DispatcherServlet        : POST "/api/auth/logout", parameters={}
2026-04-01T12:10:58.681+03:00 DEBUG 10732 --- [elewa-backend] [io-8080-exec-10] s.w.s.m.m.a.RequestMappingHandlerMapping : Mapped to com.elewa.backend.controller.AuthController#logout(UserDetails, HttpServletResponse)
2026-04-01T12:10:58.696+03:00  INFO 10732 --- [elewa-backend] [io-8080-exec-10] com.elewa.backend.service.AuthService    : Logout: 5ecac6dd-d571-43fc-8cf3-53a5e384b79a
2026-04-01T12:10:58.697+03:00 DEBUG 10732 --- [elewa-backend] [io-8080-exec-10] o.s.w.s.m.m.a.HttpEntityMethodProcessor  : Using 'application/json', given [*/*] and supported [application/json, application/*+json]
2026-04-01T12:10:58.697+03:00 DEBUG 10732 --- [elewa-backend] [io-8080-exec-10] o.s.w.s.m.m.a.HttpEntityMethodProcessor  : Nothing to write: null body
2026-04-01T12:10:58.697+03:00 DEBUG 10732 --- [elewa-backend] [io-8080-exec-10] o.s.web.servlet.DispatcherServlet        : Completed 204 NO_CONTENT
2026-04-01T12:21:42.061+03:00 DEBUG 10732 --- [elewa-backend] [nio-8080-exec-2] o.s.web.servlet.DispatcherServlet        : POST "/api/auth/register", parameters={}
2026-04-01T12:21:42.090+03:00 DEBUG 10732 --- [elewa-backend] [nio-8080-exec-2] s.w.s.m.m.a.RequestMappingHandlerMapping : Mapped to com.elewa.backend.controller.AuthController#register(RegisterRequest, HttpServletResponse)
2026-04-01T12:21:42.196+03:00 DEBUG 10732 --- [elewa-backend] [nio-8080-exec-2] m.m.a.RequestResponseBodyMethodProcessor : Read "application/json;charset=UTF-8" to [RegisterRequest(email=testuser_825252943@elewa.dev, password=Test1234!, fullName=Test User)]
2026-04-01T12:21:42.764+03:00  INFO 10732 --- [elewa-backend] [nio-8080-exec-2] com.elewa.backend.service.AuthService    : Registered: a702df03-1587-4bc1-b9ef-faa6518e329f
2026-04-01T12:21:42.785+03:00 DEBUG 10732 --- [elewa-backend] [nio-8080-exec-2] o.s.w.s.m.m.a.HttpEntityMethodProcessor  : Using 'application/json', given [*/*] and supported [application/json, application/*+json]
2026-04-01T12:21:42.789+03:00 DEBUG 10732 --- [elewa-backend] [nio-8080-exec-2] o.s.w.s.m.m.a.HttpEntityMethodProcessor  : Writing [AuthResponse(learnerId=a702df03-1587-4bc1-b9ef-faa6518e329f, email=testuser_825252943@elewa.dev, ful (truncated)...]
2026-04-01T12:21:42.800+03:00 DEBUG 10732 --- [elewa-backend] [nio-8080-exec-2] o.s.web.servlet.DispatcherServlet        : Completed 200 OK
2026-04-01T12:21:42.839+03:00 DEBUG 10732 --- [elewa-backend] [nio-8080-exec-3] o.s.web.servlet.DispatcherServlet        : POST "/api/auth/login", parameters={}
2026-04-01T12:21:42.840+03:00 DEBUG 10732 --- [elewa-backend] [nio-8080-exec-3] s.w.s.m.m.a.RequestMappingHandlerMapping : Mapped to com.elewa.backend.controller.AuthController#login(LoginRequest, HttpServletResponse)
2026-04-01T12:21:42.841+03:00 DEBUG 10732 --- [elewa-backend] [nio-8080-exec-3] m.m.a.RequestResponseBodyMethodProcessor : Read "application/json;charset=UTF-8" to [LoginRequest(email=testuser_825252943@elewa.dev, password=Test1234!)]
2026-04-01T12:21:42.982+03:00  INFO 10732 --- [elewa-backend] [nio-8080-exec-3] com.elewa.backend.service.AuthService    : Login: a702df03-1587-4bc1-b9ef-faa6518e329f
2026-04-01T12:21:43.033+03:00 DEBUG 10732 --- [elewa-backend] [nio-8080-exec-3] o.s.w.s.m.m.a.HttpEntityMethodProcessor  : Using 'application/json', given [*/*] and supported [application/json, application/*+json]
2026-04-01T12:21:43.034+03:00 DEBUG 10732 --- [elewa-backend] [nio-8080-exec-3] o.s.w.s.m.m.a.HttpEntityMethodProcessor  : Writing [AuthResponse(learnerId=a702df03-1587-4bc1-b9ef-faa6518e329f, email=testuser_825252943@elewa.dev, ful (truncated)...]
2026-04-01T12:21:43.035+03:00 DEBUG 10732 --- [elewa-backend] [nio-8080-exec-3] o.s.web.servlet.DispatcherServlet        : Completed 200 OK
2026-04-01T12:21:43.058+03:00 DEBUG 10732 --- [elewa-backend] [nio-8080-exec-5] o.s.web.servlet.DispatcherServlet        : POST "/api/auth/refresh", parameters={}
2026-04-01T12:21:43.058+03:00 DEBUG 10732 --- [elewa-backend] [nio-8080-exec-5] s.w.s.m.m.a.RequestMappingHandlerMapping : Mapped to com.elewa.backend.controller.AuthController#refresh(HttpServletRequest, HttpServletResponse)
2026-04-01T12:21:43.094+03:00 DEBUG 10732 --- [elewa-backend] [nio-8080-exec-5] o.s.w.s.m.m.a.HttpEntityMethodProcessor  : Using 'application/json', given [*/*] and supported [application/json, application/*+json]
2026-04-01T12:21:43.094+03:00 DEBUG 10732 --- [elewa-backend] [nio-8080-exec-5] o.s.w.s.m.m.a.HttpEntityMethodProcessor  : Writing [AuthResponse(learnerId=a702df03-1587-4bc1-b9ef-faa6518e329f, email=testuser_825252943@elewa.dev, ful (truncated)...]
2026-04-01T12:21:43.095+03:00 DEBUG 10732 --- [elewa-backend] [nio-8080-exec-5] o.s.web.servlet.DispatcherServlet        : Completed 200 OK
2026-04-01T12:21:43.120+03:00 DEBUG 10732 --- [elewa-backend] [nio-8080-exec-4] o.s.web.servlet.DispatcherServlet        : POST "/api/onboarding/profile", parameters={}
2026-04-01T12:21:43.120+03:00 DEBUG 10732 --- [elewa-backend] [nio-8080-exec-4] s.w.s.m.m.a.RequestMappingHandlerMapping : Mapped to com.elewa.backend.controller.OnboardingController#saveProfile(UserDetails, ProfileRequest)
2026-04-01T12:21:43.130+03:00 DEBUG 10732 --- [elewa-backend] [nio-8080-exec-4] m.m.a.RequestResponseBodyMethodProcessor : Read "application/json;charset=UTF-8" to [ProfileRequest(preferredLanguage=en, ageGroup=ADULT, learningGoal=General literacy improvement)]
2026-04-01T12:21:43.141+03:00 DEBUG 10732 --- [elewa-backend] [nio-8080-exec-4] o.s.w.s.m.m.a.HttpEntityMethodProcessor  : Using 'application/json', given [*/*] and supported [application/json, application/*+json]
2026-04-01T12:21:43.143+03:00 DEBUG 10732 --- [elewa-backend] [nio-8080-exec-4] o.s.w.s.m.m.a.HttpEntityMethodProcessor  : Writing [OnboardingResponse(learnerId=a702df03-1587-4bc1-b9ef-faa6518e329f, message=Profile saved, onboarding (truncated)...]
2026-04-01T12:21:43.144+03:00 DEBUG 10732 --- [elewa-backend] [nio-8080-exec-4] o.s.web.servlet.DispatcherServlet        : Completed 200 OK
2026-04-01T12:21:43.177+03:00 DEBUG 10732 --- [elewa-backend] [nio-8080-exec-6] o.s.web.servlet.DispatcherServlet        : POST "/api/onboarding/placement", parameters={}
2026-04-01T12:21:43.178+03:00 DEBUG 10732 --- [elewa-backend] [nio-8080-exec-6] s.w.s.m.m.a.RequestMappingHandlerMapping : Mapped to com.elewa.backend.controller.OnboardingController#savePlacement(UserDetails, PlacementRequest)
2026-04-01T12:21:43.186+03:00 DEBUG 10732 --- [elewa-backend] [nio-8080-exec-6] m.m.a.RequestResponseBodyMethodProcessor : Read "application/json;charset=UTF-8" to [PlacementRequest(score=3, totalQuestions=5)]
2026-04-01T12:21:43.203+03:00 DEBUG 10732 --- [elewa-backend] [nio-8080-exec-6] o.s.w.s.m.m.a.HttpEntityMethodProcessor  : Using 'application/json', given [*/*] and supported [application/json, application/*+json]
2026-04-01T12:21:43.204+03:00 DEBUG 10732 --- [elewa-backend] [nio-8080-exec-6] o.s.w.s.m.m.a.HttpEntityMethodProcessor  : Writing [PlacementResponse(learnerId=a702df03-1587-4bc1-b9ef-faa6518e329f, literacyLevel=INTERMEDIATE, messag (truncated)...]
2026-04-01T12:21:43.206+03:00 DEBUG 10732 --- [elewa-backend] [nio-8080-exec-6] o.s.web.servlet.DispatcherServlet        : Completed 200 OK
2026-04-01T12:21:43.232+03:00 DEBUG 10732 --- [elewa-backend] [nio-8080-exec-7] o.s.web.servlet.DispatcherServlet        : POST "/api/onboarding/complete", parameters={}
2026-04-01T12:21:43.233+03:00 DEBUG 10732 --- [elewa-backend] [nio-8080-exec-7] s.w.s.m.m.a.RequestMappingHandlerMapping : Mapped to com.elewa.backend.controller.OnboardingController#completeOnboarding(UserDetails)
2026-04-01T12:21:43.243+03:00 DEBUG 10732 --- [elewa-backend] [nio-8080-exec-7] o.s.w.s.m.m.a.HttpEntityMethodProcessor  : Using 'application/json', given [*/*] and supported [application/json, application/*+json]
2026-04-01T12:21:43.243+03:00 DEBUG 10732 --- [elewa-backend] [nio-8080-exec-7] o.s.w.s.m.m.a.HttpEntityMethodProcessor  : Writing [OnboardingResponse(learnerId=a702df03-1587-4bc1-b9ef-faa6518e329f, message=Onboarding complete, onbo (truncated)...]
2026-04-01T12:21:43.244+03:00 DEBUG 10732 --- [elewa-backend] [nio-8080-exec-7] o.s.web.servlet.DispatcherServlet        : Completed 200 OK
2026-04-01T12:21:43.278+03:00 DEBUG 10732 --- [elewa-backend] [nio-8080-exec-8] o.s.web.servlet.DispatcherServlet        : POST "/api/onboarding/guardian-link", parameters={}
2026-04-01T12:21:43.279+03:00 DEBUG 10732 --- [elewa-backend] [nio-8080-exec-8] s.w.s.m.m.a.RequestMappingHandlerMapping : Mapped to com.elewa.backend.controller.OnboardingController#linkGuardian(UserDetails, GuardianLinkRequest)
2026-04-01T12:21:43.282+03:00 DEBUG 10732 --- [elewa-backend] [nio-8080-exec-8] m.m.a.RequestResponseBodyMethodProcessor : Read "application/json;charset=UTF-8" to [GuardianLinkRequest(fullName=Jane Guardian, relationship=PARENT, phone=+254700000000, email=guardian (truncated)...]
2026-04-01T12:21:43.306+03:00 DEBUG 10732 --- [elewa-backend] [nio-8080-exec-8] o.s.w.s.m.m.a.HttpEntityMethodProcessor  : Using 'application/json', given [*/*] and supported [application/json, application/*+json]
2026-04-01T12:21:43.306+03:00 DEBUG 10732 --- [elewa-backend] [nio-8080-exec-8] o.s.w.s.m.m.a.HttpEntityMethodProcessor  : Writing [GuardianLinkResponse(guardianId=e2c8d892-1ccc-463f-9516-ba849fc00296, learnerId=a702df03-1587-4bc1-b (truncated)...]
2026-04-01T12:21:43.308+03:00 DEBUG 10732 --- [elewa-backend] [nio-8080-exec-8] o.s.web.servlet.DispatcherServlet        : Completed 200 OK
2026-04-01T12:21:43.348+03:00 DEBUG 10732 --- [elewa-backend] [nio-8080-exec-9] o.s.web.servlet.DispatcherServlet        : POST "/api/content/upload/text", parameters={}
2026-04-01T12:21:43.348+03:00 DEBUG 10732 --- [elewa-backend] [nio-8080-exec-9] s.w.s.m.m.a.RequestMappingHandlerMapping : Mapped to com.elewa.backend.controller.ContentController#uploadText(UserDetails, TextUploadRequest)
2026-04-01T12:21:43.352+03:00 DEBUG 10732 --- [elewa-backend] [nio-8080-exec-9] m.m.a.RequestResponseBodyMethodProcessor : Read "application/json;charset=UTF-8" to [TextUploadRequest(text=Photosynthesis is the process by which plants convert sunlight into food. Chl (truncated)...]
2026-04-01T12:21:43.363+03:00 DEBUG 10732 --- [elewa-backend] [nio-8080-exec-9] com.elewa.backend.service.RealAiClient   : Calling AI: /ai/simplify/text
2026-04-01T12:21:43.385+03:00 DEBUG 10732 --- [elewa-backend] [nio-8080-exec-9] o.s.w.r.f.client.ExchangeFunctions       : [45827c78] HTTP POST http://localhost:8001/ai/simplify/text
2026-04-01T12:21:43.516+03:00 DEBUG 10732 --- [elewa-backend] [ctor-http-nio-3] org.springframework.web.HttpLogging      : [45827c78] Encoding [SimplifyTextRequest(learnerContext=LearnerContext(learnerId=a702df03-1587-4bc1-b9ef-faa6518e329f, co (truncated)...]
2026-04-01T12:21:45.045+03:00 DEBUG 10732 --- [elewa-backend] [ctor-http-nio-3] o.s.w.r.f.client.ExchangeFunctions       : [45827c78] [e45ed136-1] Response 200 OK
2026-04-01T12:21:45.050+03:00 DEBUG 10732 --- [elewa-backend] [ctor-http-nio-3] org.springframework.web.HttpLogging      : [45827c78] [e45ed136-1] Decoded "{"title":"Plant Food Making","sections":[{"heading":"Plant Food","body":"Plants make food from sunli (truncated)..."
2026-04-01T12:21:45.058+03:00 DEBUG 10732 --- [elewa-backend] [nio-8080-exec-9] com.elewa.backend.service.RealAiClient   : Calling AI: /ai/quiz/generate
2026-04-01T12:21:45.059+03:00 DEBUG 10732 --- [elewa-backend] [nio-8080-exec-9] o.s.w.r.f.client.ExchangeFunctions       : [69d24bdb] HTTP POST http://localhost:8001/ai/quiz/generate
2026-04-01T12:21:45.060+03:00 DEBUG 10732 --- [elewa-backend] [ctor-http-nio-3] org.springframework.web.HttpLogging      : [69d24bdb] Encoding [GenerateQuizRequest(learnerContext=LearnerContext(learnerId=a702df03-1587-4bc1-b9ef-faa6518e329f, co (truncated)...]
2026-04-01T12:21:46.288+03:00 DEBUG 10732 --- [elewa-backend] [ctor-http-nio-3] o.s.w.r.f.client.ExchangeFunctions       : [69d24bdb] [e45ed136-2] Response 200 OK
2026-04-01T12:21:46.289+03:00 DEBUG 10732 --- [elewa-backend] [ctor-http-nio-3] org.springframework.web.HttpLogging      : [69d24bdb] [e45ed136-2] Decoded "{"questions":[{"id":"q1","text":"What do plants make?","options":[{"id":"a","text":"Water"},{"id":"b (truncated)..."
2026-04-01T12:21:46.323+03:00 DEBUG 10732 --- [elewa-backend] [nio-8080-exec-9] .m.m.a.ExceptionHandlerExceptionResolver : Using @ExceptionHandler com.elewa.backend.common.GlobalExceptionHandler#handleGeneric(Exception)
2026-04-01T12:21:46.326+03:00 ERROR 10732 --- [elewa-backend] [nio-8080-exec-9] c.e.b.common.GlobalExceptionHandler      : Unhandled exception

org.springframework.orm.jpa.JpaObjectRetrievalFailureException: Unable to find com.elewa.backend.model.Lesson with id f99c5952-c70f-4341-834d-5253c0452720
	at org.springframework.orm.jpa.EntityManagerFactoryUtils.convertJpaAccessExceptionIfPossible(EntityManagerFactoryUtils.java:376) ~[spring-orm-6.1.5.jar:6.1.5]
	at org.springframework.orm.jpa.vendor.HibernateJpaDialect.translateExceptionIfPossible(HibernateJpaDialect.java:246) ~[spring-orm-6.1.5.jar:6.1.5]
	at org.springframework.orm.jpa.AbstractEntityManagerFactoryBean.translateExceptionIfPossible(AbstractEntityManagerFactoryBean.java:550) ~[spring-orm-6.1.5.jar:6.1.5]
	at org.springframework.dao.support.ChainedPersistenceExceptionTranslator.translateExceptionIfPossible(ChainedPersistenceExceptionTranslator.java:61) ~[spring-tx-6.1.5.jar:6.1.5]
	at org.springframework.dao.support.DataAccessUtils.translateIfNecessary(DataAccessUtils.java:335) ~[spring-tx-6.1.5.jar:6.1.5]
	at org.springframework.dao.support.PersistenceExceptionTranslationInterceptor.invoke(PersistenceExceptionTranslationInterceptor.java:152) ~[spring-tx-6.1.5.jar:6.1.5]
	at org.springframework.aop.framework.ReflectiveMethodInvocation.proceed(ReflectiveMethodInvocation.java:184) ~[spring-aop-6.1.5.jar:6.1.5]
	at org.springframework.data.jpa.repository.support.CrudMethodMetadataPostProcessor$CrudMethodMetadataPopulatingMethodInterceptor.invoke(CrudMethodMetadataPostProcessor.java:164) ~[spring-data-jpa-3.2.4.jar:3.2.4]
	at org.springframework.aop.framework.ReflectiveMethodInvocation.proceed(ReflectiveMethodInvocation.java:184) ~[spring-aop-6.1.5.jar:6.1.5]
	at org.springframework.aop.interceptor.ExposeInvocationInterceptor.invoke(ExposeInvocationInterceptor.java:97) ~[spring-aop-6.1.5.jar:6.1.5]
	at org.springframework.aop.framework.ReflectiveMethodInvocation.proceed(ReflectiveMethodInvocation.java:184) ~[spring-aop-6.1.5.jar:6.1.5]
	at org.springframework.data.repository.core.support.MethodInvocationValidator.invoke(MethodInvocationValidator.java:95) ~[spring-data-commons-3.2.4.jar:3.2.4]
	at org.springframework.aop.framework.ReflectiveMethodInvocation.proceed(ReflectiveMethodInvocation.java:184) ~[spring-aop-6.1.5.jar:6.1.5]
	at org.springframework.aop.framework.JdkDynamicAopProxy.invoke(JdkDynamicAopProxy.java:220) ~[spring-aop-6.1.5.jar:6.1.5]
	at jdk.proxy2/jdk.proxy2.$Proxy161.saveAll(Unknown Source) ~[na:na]
	at com.elewa.backend.service.LessonPersistenceService.persistLesson(LessonPersistenceService.kt:50) ~[main/:na]
	at java.base/jdk.internal.reflect.DirectMethodHandleAccessor.invoke(DirectMethodHandleAccessor.java:103) ~[na:na]
	at java.base/java.lang.reflect.Method.invoke(Method.java:580) ~[na:na]
	at org.springframework.aop.support.AopUtils.invokeJoinpointUsingReflection(AopUtils.java:351) ~[spring-aop-6.1.5.jar:6.1.5]
	at org.springframework.aop.framework.ReflectiveMethodInvocation.invokeJoinpoint(ReflectiveMethodInvocation.java:196) ~[spring-aop-6.1.5.jar:6.1.5]
	at org.springframework.aop.framework.ReflectiveMethodInvocation.proceed(ReflectiveMethodInvocation.java:163) ~[spring-aop-6.1.5.jar:6.1.5]
	at org.springframework.aop.framework.CglibAopProxy$CglibMethodInvocation.proceed(CglibAopProxy.java:765) ~[spring-aop-6.1.5.jar:6.1.5]
	at org.springframework.transaction.interceptor.TransactionInterceptor$1.proceedWithInvocation(TransactionInterceptor.java:123) ~[spring-tx-6.1.5.jar:6.1.5]
	at org.springframework.transaction.interceptor.TransactionAspectSupport.invokeWithinTransaction(TransactionAspectSupport.java:392) ~[spring-tx-6.1.5.jar:6.1.5]
	at org.springframework.transaction.interceptor.TransactionInterceptor.invoke(TransactionInterceptor.java:119) ~[spring-tx-6.1.5.jar:6.1.5]
	at org.springframework.aop.framework.ReflectiveMethodInvocation.proceed(ReflectiveMethodInvocation.java:184) ~[spring-aop-6.1.5.jar:6.1.5]
	at org.springframework.aop.framework.CglibAopProxy$CglibMethodInvocation.proceed(CglibAopProxy.java:765) ~[spring-aop-6.1.5.jar:6.1.5]
	at org.springframework.aop.framework.CglibAopProxy$DynamicAdvisedInterceptor.intercept(CglibAopProxy.java:717) ~[spring-aop-6.1.5.jar:6.1.5]
	at com.elewa.backend.service.LessonPersistenceService$$SpringCGLIB$$0.persistLesson(<generated>) ~[main/:na]
	at com.elewa.backend.service.ContentService.uploadText(ContentService.kt:33) ~[main/:na]
	at java.base/jdk.internal.reflect.DirectMethodHandleAccessor.invoke(DirectMethodHandleAccessor.java:103) ~[na:na]
	at java.base/java.lang.reflect.Method.invoke(Method.java:580) ~[na:na]
	at org.springframework.aop.support.AopUtils.invokeJoinpointUsingReflection(AopUtils.java:351) ~[spring-aop-6.1.5.jar:6.1.5]
	at org.springframework.aop.framework.CglibAopProxy$DynamicAdvisedInterceptor.intercept(CglibAopProxy.java:713) ~[spring-aop-6.1.5.jar:6.1.5]
	at com.elewa.backend.service.ContentService$$SpringCGLIB$$0.uploadText(<generated>) ~[main/:na]
	at com.elewa.backend.controller.ContentController.uploadText(ContentController.kt:23) ~[main/:na]
	at java.base/jdk.internal.reflect.DirectMethodHandleAccessor.invoke(DirectMethodHandleAccessor.java:103) ~[na:na]
	at java.base/java.lang.reflect.Method.invoke(Method.java:580) ~[na:na]
	at kotlin.reflect.jvm.internal.calls.CallerImpl$Method.callMethod(CallerImpl.kt:97) ~[kotlin-reflect-1.9.23.jar:1.9.23-release-779]
	at kotlin.reflect.jvm.internal.calls.CallerImpl$Method$Instance.call(CallerImpl.kt:113) ~[kotlin-reflect-1.9.23.jar:1.9.23-release-779]
	at kotlin.reflect.jvm.internal.KCallableImpl.callDefaultMethod$kotlin_reflection(KCallableImpl.kt:207) ~[kotlin-reflect-1.9.23.jar:1.9.23-release-779]
	at kotlin.reflect.jvm.internal.KCallableImpl.callBy(KCallableImpl.kt:112) ~[kotlin-reflect-1.9.23.jar:1.9.23-release-779]
	at org.springframework.web.method.support.InvocableHandlerMethod$KotlinDelegate.invokeFunction(InvocableHandlerMethod.java:332) ~[spring-web-6.1.5.jar:6.1.5]
	at org.springframework.web.method.support.InvocableHandlerMethod.doInvoke(InvocableHandlerMethod.java:252) ~[spring-web-6.1.5.jar:6.1.5]
	at org.springframework.web.method.support.InvocableHandlerMethod.invokeForRequest(InvocableHandlerMethod.java:188) ~[spring-web-6.1.5.jar:6.1.5]
	at org.springframework.web.servlet.mvc.method.annotation.ServletInvocableHandlerMethod.invokeAndHandle(ServletInvocableHandlerMethod.java:118) ~[spring-webmvc-6.1.5.jar:6.1.5]
	at org.springframework.web.servlet.mvc.method.annotation.RequestMappingHandlerAdapter.invokeHandlerMethod(RequestMappingHandlerAdapter.java:925) ~[spring-webmvc-6.1.5.jar:6.1.5]
	at org.springframework.web.servlet.mvc.method.annotation.RequestMappingHandlerAdapter.handleInternal(RequestMappingHandlerAdapter.java:830) ~[spring-webmvc-6.1.5.jar:6.1.5]
	at org.springframework.web.servlet.mvc.method.AbstractHandlerMethodAdapter.handle(AbstractHandlerMethodAdapter.java:87) ~[spring-webmvc-6.1.5.jar:6.1.5]
	at org.springframework.web.servlet.DispatcherServlet.doDispatch(DispatcherServlet.java:1089) ~[spring-webmvc-6.1.5.jar:6.1.5]
	at org.springframework.web.servlet.DispatcherServlet.doService(DispatcherServlet.java:979) ~[spring-webmvc-6.1.5.jar:6.1.5]
	at org.springframework.web.servlet.FrameworkServlet.processRequest(FrameworkServlet.java:1014) ~[spring-webmvc-6.1.5.jar:6.1.5]
	at org.springframework.web.servlet.FrameworkServlet.doPost(FrameworkServlet.java:914) ~[spring-webmvc-6.1.5.jar:6.1.5]
	at jakarta.servlet.http.HttpServlet.service(HttpServlet.java:590) ~[tomcat-embed-core-10.1.19.jar:6.0]
	at org.springframework.web.servlet.FrameworkServlet.service(FrameworkServlet.java:885) ~[spring-webmvc-6.1.5.jar:6.1.5]
	at jakarta.servlet.http.HttpServlet.service(HttpServlet.java:658) ~[tomcat-embed-core-10.1.19.jar:6.0]
	at org.apache.catalina.core.ApplicationFilterChain.internalDoFilter(ApplicationFilterChain.java:205) ~[tomcat-embed-core-10.1.19.jar:10.1.19]
	at org.apache.catalina.core.ApplicationFilterChain.doFilter(ApplicationFilterChain.java:149) ~[tomcat-embed-core-10.1.19.jar:10.1.19]
	at org.apache.tomcat.websocket.server.WsFilter.doFilter(WsFilter.java:51) ~[tomcat-embed-websocket-10.1.19.jar:10.1.19]
	at org.apache.catalina.core.ApplicationFilterChain.internalDoFilter(ApplicationFilterChain.java:174) ~[tomcat-embed-core-10.1.19.jar:10.1.19]
	at org.apache.catalina.core.ApplicationFilterChain.doFilter(ApplicationFilterChain.java:149) ~[tomcat-embed-core-10.1.19.jar:10.1.19]
	at org.springframework.web.filter.OncePerRequestFilter.doFilter(OncePerRequestFilter.java:110) ~[spring-web-6.1.5.jar:6.1.5]
	at org.apache.catalina.core.ApplicationFilterChain.internalDoFilter(ApplicationFilterChain.java:174) ~[tomcat-embed-core-10.1.19.jar:10.1.19]
	at org.apache.catalina.core.ApplicationFilterChain.doFilter(ApplicationFilterChain.java:149) ~[tomcat-embed-core-10.1.19.jar:10.1.19]
	at org.springframework.web.filter.CompositeFilter$VirtualFilterChain.doFilter(CompositeFilter.java:108) ~[spring-web-6.1.5.jar:6.1.5]
	at org.springframework.security.web.FilterChainProxy.lambda$doFilterInternal$3(FilterChainProxy.java:231) ~[spring-security-web-6.2.3.jar:6.2.3]
	at org.springframework.security.web.ObservationFilterChainDecorator$FilterObservation$SimpleFilterObservation.lambda$wrap$1(ObservationFilterChainDecorator.java:479) ~[spring-security-web-6.2.3.jar:6.2.3]
	at org.springframework.security.web.ObservationFilterChainDecorator$AroundFilterObservation$SimpleAroundFilterObservation.lambda$wrap$1(ObservationFilterChainDecorator.java:340) ~[spring-security-web-6.2.3.jar:6.2.3]
	at org.springframework.security.web.ObservationFilterChainDecorator.lambda$wrapSecured$0(ObservationFilterChainDecorator.java:82) ~[spring-security-web-6.2.3.jar:6.2.3]
	at org.springframework.security.web.ObservationFilterChainDecorator$VirtualFilterChain.doFilter(ObservationFilterChainDecorator.java:128) ~[spring-security-web-6.2.3.jar:6.2.3]
	at org.springframework.security.web.access.intercept.AuthorizationFilter.doFilter(AuthorizationFilter.java:100) ~[spring-security-web-6.2.3.jar:6.2.3]
	at org.springframework.security.web.ObservationFilterChainDecorator$ObservationFilter.wrapFilter(ObservationFilterChainDecorator.java:240) ~[spring-security-web-6.2.3.jar:6.2.3]
	at org.springframework.security.web.ObservationFilterChainDecorator$ObservationFilter.doFilter(ObservationFilterChainDecorator.java:227) ~[spring-security-web-6.2.3.jar:6.2.3]
	at org.springframework.security.web.ObservationFilterChainDecorator$VirtualFilterChain.doFilter(ObservationFilterChainDecorator.java:137) ~[spring-security-web-6.2.3.jar:6.2.3]
	at org.springframework.security.web.access.ExceptionTranslationFilter.doFilter(ExceptionTranslationFilter.java:126) ~[spring-security-web-6.2.3.jar:6.2.3]
	at org.springframework.security.web.access.ExceptionTranslationFilter.doFilter(ExceptionTranslationFilter.java:120) ~[spring-security-web-6.2.3.jar:6.2.3]
	at org.springframework.security.web.ObservationFilterChainDecorator$ObservationFilter.wrapFilter(ObservationFilterChainDecorator.java:240) ~[spring-security-web-6.2.3.jar:6.2.3]
	at org.springframework.security.web.ObservationFilterChainDecorator$ObservationFilter.doFilter(ObservationFilterChainDecorator.java:227) ~[spring-security-web-6.2.3.jar:6.2.3]
	at org.springframework.security.web.ObservationFilterChainDecorator$VirtualFilterChain.doFilter(ObservationFilterChainDecorator.java:137) ~[spring-security-web-6.2.3.jar:6.2.3]
	at org.springframework.security.web.session.SessionManagementFilter.doFilter(SessionManagementFilter.java:131) ~[spring-security-web-6.2.3.jar:6.2.3]
	at org.springframework.security.web.session.SessionManagementFilter.doFilter(SessionManagementFilter.java:85) ~[spring-security-web-6.2.3.jar:6.2.3]
	at org.springframework.security.web.ObservationFilterChainDecorator$ObservationFilter.wrapFilter(ObservationFilterChainDecorator.java:240) ~[spring-security-web-6.2.3.jar:6.2.3]
	at org.springframework.security.web.ObservationFilterChainDecorator$ObservationFilter.doFilter(ObservationFilterChainDecorator.java:227) ~[spring-security-web-6.2.3.jar:6.2.3]
	at org.springframework.security.web.ObservationFilterChainDecorator$VirtualFilterChain.doFilter(ObservationFilterChainDecorator.java:137) ~[spring-security-web-6.2.3.jar:6.2.3]
	at org.springframework.security.web.authentication.AnonymousAuthenticationFilter.doFilter(AnonymousAuthenticationFilter.java:100) ~[spring-security-web-6.2.3.jar:6.2.3]
	at org.springframework.security.web.ObservationFilterChainDecorator$ObservationFilter.wrapFilter(ObservationFilterChainDecorator.java:240) ~[spring-security-web-6.2.3.jar:6.2.3]
	at org.springframework.security.web.ObservationFilterChainDecorator$ObservationFilter.doFilter(ObservationFilterChainDecorator.java:227) ~[spring-security-web-6.2.3.jar:6.2.3]
	at org.springframework.security.web.ObservationFilterChainDecorator$VirtualFilterChain.doFilter(ObservationFilterChainDecorator.java:137) ~[spring-security-web-6.2.3.jar:6.2.3]
	at org.springframework.security.web.servletapi.SecurityContextHolderAwareRequestFilter.doFilter(SecurityContextHolderAwareRequestFilter.java:179) ~[spring-security-web-6.2.3.jar:6.2.3]
	at org.springframework.security.web.ObservationFilterChainDecorator$ObservationFilter.wrapFilter(ObservationFilterChainDecorator.java:240) ~[spring-security-web-6.2.3.jar:6.2.3]
	at org.springframework.security.web.ObservationFilterChainDecorator$ObservationFilter.doFilter(ObservationFilterChainDecorator.java:227) ~[spring-security-web-6.2.3.jar:6.2.3]
	at org.springframework.security.web.ObservationFilterChainDecorator$VirtualFilterChain.doFilter(ObservationFilterChainDecorator.java:137) ~[spring-security-web-6.2.3.jar:6.2.3]
	at org.springframework.security.web.savedrequest.RequestCacheAwareFilter.doFilter(RequestCacheAwareFilter.java:63) ~[spring-security-web-6.2.3.jar:6.2.3]
	at org.springframework.security.web.ObservationFilterChainDecorator$ObservationFilter.wrapFilter(ObservationFilterChainDecorator.java:240) ~[spring-security-web-6.2.3.jar:6.2.3]
	at org.springframework.security.web.ObservationFilterChainDecorator$ObservationFilter.doFilter(ObservationFilterChainDecorator.java:227) ~[spring-security-web-6.2.3.jar:6.2.3]
	at org.springframework.security.web.ObservationFilterChainDecorator$VirtualFilterChain.doFilter(ObservationFilterChainDecorator.java:137) ~[spring-security-web-6.2.3.jar:6.2.3]
	at com.elewa.backend.security.JwtAuthFilter.doFilterInternal(JwtAuthFilter.kt:44) ~[main/:na]
	at org.springframework.web.filter.OncePerRequestFilter.doFilter(OncePerRequestFilter.java:116) ~[spring-web-6.1.5.jar:6.1.5]
	at org.springframework.security.web.ObservationFilterChainDecorator$ObservationFilter.wrapFilter(ObservationFilterChainDecorator.java:240) ~[spring-security-web-6.2.3.jar:6.2.3]
	at org.springframework.security.web.ObservationFilterChainDecorator$ObservationFilter.doFilter(ObservationFilterChainDecorator.java:227) ~[spring-security-web-6.2.3.jar:6.2.3]
	at org.springframework.security.web.ObservationFilterChainDecorator$VirtualFilterChain.doFilter(ObservationFilterChainDecorator.java:137) ~[spring-security-web-6.2.3.jar:6.2.3]
	at org.springframework.security.web.authentication.logout.LogoutFilter.doFilter(LogoutFilter.java:107) ~[spring-security-web-6.2.3.jar:6.2.3]
	at org.springframework.security.web.authentication.logout.LogoutFilter.doFilter(LogoutFilter.java:93) ~[spring-security-web-6.2.3.jar:6.2.3]
	at org.springframework.security.web.ObservationFilterChainDecorator$ObservationFilter.wrapFilter(ObservationFilterChainDecorator.java:240) ~[spring-security-web-6.2.3.jar:6.2.3]
	at org.springframework.security.web.ObservationFilterChainDecorator$ObservationFilter.doFilter(ObservationFilterChainDecorator.java:227) ~[spring-security-web-6.2.3.jar:6.2.3]
	at org.springframework.security.web.ObservationFilterChainDecorator$VirtualFilterChain.doFilter(ObservationFilterChainDecorator.java:137) ~[spring-security-web-6.2.3.jar:6.2.3]
	at org.springframework.web.filter.CorsFilter.doFilterInternal(CorsFilter.java:91) ~[spring-web-6.1.5.jar:6.1.5]
	at org.springframework.web.filter.OncePerRequestFilter.doFilter(OncePerRequestFilter.java:116) ~[spring-web-6.1.5.jar:6.1.5]
	at org.springframework.security.web.ObservationFilterChainDecorator$ObservationFilter.wrapFilter(ObservationFilterChainDecorator.java:240) ~[spring-security-web-6.2.3.jar:6.2.3]
	at org.springframework.security.web.ObservationFilterChainDecorator$ObservationFilter.doFilter(ObservationFilterChainDecorator.java:227) ~[spring-security-web-6.2.3.jar:6.2.3]
	at org.springframework.security.web.ObservationFilterChainDecorator$VirtualFilterChain.doFilter(ObservationFilterChainDecorator.java:137) ~[spring-security-web-6.2.3.jar:6.2.3]
	at org.springframework.security.web.header.HeaderWriterFilter.doHeadersAfter(HeaderWriterFilter.java:90) ~[spring-security-web-6.2.3.jar:6.2.3]
	at org.springframework.security.web.header.HeaderWriterFilter.doFilterInternal(HeaderWriterFilter.java:75) ~[spring-security-web-6.2.3.jar:6.2.3]
	at org.springframework.web.filter.OncePerRequestFilter.doFilter(OncePerRequestFilter.java:116) ~[spring-web-6.1.5.jar:6.1.5]
	at org.springframework.security.web.ObservationFilterChainDecorator$ObservationFilter.wrapFilter(ObservationFilterChainDecorator.java:240) ~[spring-security-web-6.2.3.jar:6.2.3]
	at org.springframework.security.web.ObservationFilterChainDecorator$ObservationFilter.doFilter(ObservationFilterChainDecorator.java:227) ~[spring-security-web-6.2.3.jar:6.2.3]
	at org.springframework.security.web.ObservationFilterChainDecorator$VirtualFilterChain.doFilter(ObservationFilterChainDecorator.java:137) ~[spring-security-web-6.2.3.jar:6.2.3]
	at org.springframework.security.web.context.SecurityContextHolderFilter.doFilter(SecurityContextHolderFilter.java:82) ~[spring-security-web-6.2.3.jar:6.2.3]
	at org.springframework.security.web.context.SecurityContextHolderFilter.doFilter(SecurityContextHolderFilter.java:69) ~[spring-security-web-6.2.3.jar:6.2.3]
	at org.springframework.security.web.ObservationFilterChainDecorator$ObservationFilter.wrapFilter(ObservationFilterChainDecorator.java:240) ~[spring-security-web-6.2.3.jar:6.2.3]
	at org.springframework.security.web.ObservationFilterChainDecorator$ObservationFilter.doFilter(ObservationFilterChainDecorator.java:227) ~[spring-security-web-6.2.3.jar:6.2.3]
	at org.springframework.security.web.ObservationFilterChainDecorator$VirtualFilterChain.doFilter(ObservationFilterChainDecorator.java:137) ~[spring-security-web-6.2.3.jar:6.2.3]
	at org.springframework.security.web.context.request.async.WebAsyncManagerIntegrationFilter.doFilterInternal(WebAsyncManagerIntegrationFilter.java:62) ~[spring-security-web-6.2.3.jar:6.2.3]
	at org.springframework.web.filter.OncePerRequestFilter.doFilter(OncePerRequestFilter.java:116) ~[spring-web-6.1.5.jar:6.1.5]
	at org.springframework.security.web.ObservationFilterChainDecorator$ObservationFilter.wrapFilter(ObservationFilterChainDecorator.java:240) ~[spring-security-web-6.2.3.jar:6.2.3]
	at org.springframework.security.web.ObservationFilterChainDecorator$ObservationFilter.doFilter(ObservationFilterChainDecorator.java:227) ~[spring-security-web-6.2.3.jar:6.2.3]
	at org.springframework.security.web.ObservationFilterChainDecorator$VirtualFilterChain.doFilter(ObservationFilterChainDecorator.java:137) ~[spring-security-web-6.2.3.jar:6.2.3]
	at org.springframework.security.web.session.DisableEncodeUrlFilter.doFilterInternal(DisableEncodeUrlFilter.java:42) ~[spring-security-web-6.2.3.jar:6.2.3]
	at org.springframework.web.filter.OncePerRequestFilter.doFilter(OncePerRequestFilter.java:116) ~[spring-web-6.1.5.jar:6.1.5]
	at org.springframework.security.web.ObservationFilterChainDecorator$ObservationFilter.wrapFilter(ObservationFilterChainDecorator.java:240) ~[spring-security-web-6.2.3.jar:6.2.3]
	at org.springframework.security.web.ObservationFilterChainDecorator$AroundFilterObservation$SimpleAroundFilterObservation.lambda$wrap$0(ObservationFilterChainDecorator.java:323) ~[spring-security-web-6.2.3.jar:6.2.3]
	at org.springframework.security.web.ObservationFilterChainDecorator$ObservationFilter.doFilter(ObservationFilterChainDecorator.java:224) ~[spring-security-web-6.2.3.jar:6.2.3]
	at org.springframework.security.web.ObservationFilterChainDecorator$VirtualFilterChain.doFilter(ObservationFilterChainDecorator.java:137) ~[spring-security-web-6.2.3.jar:6.2.3]
	at org.springframework.security.web.FilterChainProxy.doFilterInternal(FilterChainProxy.java:233) ~[spring-security-web-6.2.3.jar:6.2.3]
	at org.springframework.security.web.FilterChainProxy.doFilter(FilterChainProxy.java:191) ~[spring-security-web-6.2.3.jar:6.2.3]
	at org.springframework.web.filter.CompositeFilter$VirtualFilterChain.doFilter(CompositeFilter.java:113) ~[spring-web-6.1.5.jar:6.1.5]
	at org.springframework.web.servlet.handler.HandlerMappingIntrospector.lambda$createCacheFilter$3(HandlerMappingIntrospector.java:195) ~[spring-webmvc-6.1.5.jar:6.1.5]
	at org.springframework.web.filter.CompositeFilter$VirtualFilterChain.doFilter(CompositeFilter.java:113) ~[spring-web-6.1.5.jar:6.1.5]
	at org.springframework.web.filter.CompositeFilter.doFilter(CompositeFilter.java:74) ~[spring-web-6.1.5.jar:6.1.5]
	at org.springframework.security.config.annotation.web.configuration.WebMvcSecurityConfiguration$CompositeFilterChainProxy.doFilter(WebMvcSecurityConfiguration.java:230) ~[spring-security-config-6.2.3.jar:6.2.3]
	at org.springframework.web.filter.DelegatingFilterProxy.invokeDelegate(DelegatingFilterProxy.java:352) ~[spring-web-6.1.5.jar:6.1.5]
	at org.springframework.web.filter.DelegatingFilterProxy.doFilter(DelegatingFilterProxy.java:268) ~[spring-web-6.1.5.jar:6.1.5]
	at org.apache.catalina.core.ApplicationFilterChain.internalDoFilter(ApplicationFilterChain.java:174) ~[tomcat-embed-core-10.1.19.jar:10.1.19]
	at org.apache.catalina.core.ApplicationFilterChain.doFilter(ApplicationFilterChain.java:149) ~[tomcat-embed-core-10.1.19.jar:10.1.19]
	at org.springframework.web.filter.RequestContextFilter.doFilterInternal(RequestContextFilter.java:100) ~[spring-web-6.1.5.jar:6.1.5]
	at org.springframework.web.filter.OncePerRequestFilter.doFilter(OncePerRequestFilter.java:116) ~[spring-web-6.1.5.jar:6.1.5]
	at org.apache.catalina.core.ApplicationFilterChain.internalDoFilter(ApplicationFilterChain.java:174) ~[tomcat-embed-core-10.1.19.jar:10.1.19]
	at org.apache.catalina.core.ApplicationFilterChain.doFilter(ApplicationFilterChain.java:149) ~[tomcat-embed-core-10.1.19.jar:10.1.19]
	at org.springframework.web.filter.FormContentFilter.doFilterInternal(FormContentFilter.java:93) ~[spring-web-6.1.5.jar:6.1.5]
	at org.springframework.web.filter.OncePerRequestFilter.doFilter(OncePerRequestFilter.java:116) ~[spring-web-6.1.5.jar:6.1.5]
	at org.apache.catalina.core.ApplicationFilterChain.internalDoFilter(ApplicationFilterChain.java:174) ~[tomcat-embed-core-10.1.19.jar:10.1.19]
	at org.apache.catalina.core.ApplicationFilterChain.doFilter(ApplicationFilterChain.java:149) ~[tomcat-embed-core-10.1.19.jar:10.1.19]
	at org.springframework.web.filter.ServerHttpObservationFilter.doFilterInternal(ServerHttpObservationFilter.java:109) ~[spring-web-6.1.5.jar:6.1.5]
	at org.springframework.web.filter.OncePerRequestFilter.doFilter(OncePerRequestFilter.java:116) ~[spring-web-6.1.5.jar:6.1.5]
	at org.apache.catalina.core.ApplicationFilterChain.internalDoFilter(ApplicationFilterChain.java:174) ~[tomcat-embed-core-10.1.19.jar:10.1.19]
	at org.apache.catalina.core.ApplicationFilterChain.doFilter(ApplicationFilterChain.java:149) ~[tomcat-embed-core-10.1.19.jar:10.1.19]
	at org.springframework.web.filter.CharacterEncodingFilter.doFilterInternal(CharacterEncodingFilter.java:201) ~[spring-web-6.1.5.jar:6.1.5]
	at org.springframework.web.filter.OncePerRequestFilter.doFilter(OncePerRequestFilter.java:116) ~[spring-web-6.1.5.jar:6.1.5]
	at org.apache.catalina.core.ApplicationFilterChain.internalDoFilter(ApplicationFilterChain.java:174) ~[tomcat-embed-core-10.1.19.jar:10.1.19]
	at org.apache.catalina.core.ApplicationFilterChain.doFilter(ApplicationFilterChain.java:149) ~[tomcat-embed-core-10.1.19.jar:10.1.19]
	at org.apache.catalina.core.StandardWrapperValve.invoke(StandardWrapperValve.java:167) ~[tomcat-embed-core-10.1.19.jar:10.1.19]
	at org.apache.catalina.core.StandardContextValve.invoke(StandardContextValve.java:90) ~[tomcat-embed-core-10.1.19.jar:10.1.19]
	at org.apache.catalina.authenticator.AuthenticatorBase.invoke(AuthenticatorBase.java:482) ~[tomcat-embed-core-10.1.19.jar:10.1.19]
	at org.apache.catalina.core.StandardHostValve.invoke(StandardHostValve.java:115) ~[tomcat-embed-core-10.1.19.jar:10.1.19]
	at org.apache.catalina.valves.ErrorReportValve.invoke(ErrorReportValve.java:93) ~[tomcat-embed-core-10.1.19.jar:10.1.19]
	at org.apache.catalina.core.StandardEngineValve.invoke(StandardEngineValve.java:74) ~[tomcat-embed-core-10.1.19.jar:10.1.19]
	at org.apache.catalina.connector.CoyoteAdapter.service(CoyoteAdapter.java:344) ~[tomcat-embed-core-10.1.19.jar:10.1.19]
	at org.apache.coyote.http11.Http11Processor.service(Http11Processor.java:391) ~[tomcat-embed-core-10.1.19.jar:10.1.19]
	at org.apache.coyote.AbstractProcessorLight.process(AbstractProcessorLight.java:63) ~[tomcat-embed-core-10.1.19.jar:10.1.19]
	at org.apache.coyote.AbstractProtocol$ConnectionHandler.process(AbstractProtocol.java:896) ~[tomcat-embed-core-10.1.19.jar:10.1.19]
	at org.apache.tomcat.util.net.NioEndpoint$SocketProcessor.doRun(NioEndpoint.java:1744) ~[tomcat-embed-core-10.1.19.jar:10.1.19]
	at org.apache.tomcat.util.net.SocketProcessorBase.run(SocketProcessorBase.java:52) ~[tomcat-embed-core-10.1.19.jar:10.1.19]
	at org.apache.tomcat.util.threads.ThreadPoolExecutor.runWorker(ThreadPoolExecutor.java:1191) ~[tomcat-embed-core-10.1.19.jar:10.1.19]
	at org.apache.tomcat.util.threads.ThreadPoolExecutor$Worker.run(ThreadPoolExecutor.java:659) ~[tomcat-embed-core-10.1.19.jar:10.1.19]
	at org.apache.tomcat.util.threads.TaskThread$WrappingRunnable.run(TaskThread.java:63) ~[tomcat-embed-core-10.1.19.jar:10.1.19]
	at java.base/java.lang.Thread.run(Thread.java:1583) ~[na:na]
Caused by: jakarta.persistence.EntityNotFoundException: Unable to find com.elewa.backend.model.Lesson with id f99c5952-c70f-4341-834d-5253c0452720
	at org.hibernate.jpa.boot.internal.EntityManagerFactoryBuilderImpl$JpaEntityNotFoundDelegate.handleEntityNotFound(EntityManagerFactoryBuilderImpl.java:191) ~[hibernate-core-6.4.4.Final.jar:6.4.4.Final]
	at org.hibernate.event.internal.DefaultLoadEventListener.load(DefaultLoadEventListener.java:212) ~[hibernate-core-6.4.4.Final.jar:6.4.4.Final]
	at org.hibernate.event.internal.DefaultLoadEventListener.proxyOrLoad(DefaultLoadEventListener.java:246) ~[hibernate-core-6.4.4.Final.jar:6.4.4.Final]
	at org.hibernate.event.internal.DefaultLoadEventListener.doOnLoad(DefaultLoadEventListener.java:111) ~[hibernate-core-6.4.4.Final.jar:6.4.4.Final]
	at org.hibernate.event.internal.DefaultLoadEventListener.onLoad(DefaultLoadEventListener.java:68) ~[hibernate-core-6.4.4.Final.jar:6.4.4.Final]
	at org.hibernate.event.service.internal.EventListenerGroupImpl.fireEventOnEachListener(EventListenerGroupImpl.java:138) ~[hibernate-core-6.4.4.Final.jar:6.4.4.Final]
	at org.hibernate.internal.SessionImpl.fireLoadNoChecks(SessionImpl.java:1222) ~[hibernate-core-6.4.4.Final.jar:6.4.4.Final]
	at org.hibernate.internal.SessionImpl.internalLoad(SessionImpl.java:1068) ~[hibernate-core-6.4.4.Final.jar:6.4.4.Final]
	at org.hibernate.type.EntityType.resolveIdentifier(EntityType.java:694) ~[hibernate-core-6.4.4.Final.jar:6.4.4.Final]
	at org.hibernate.type.EntityType.resolve(EntityType.java:417) ~[hibernate-core-6.4.4.Final.jar:6.4.4.Final]
	at org.hibernate.type.EntityType.replace(EntityType.java:340) ~[hibernate-core-6.4.4.Final.jar:6.4.4.Final]
	at org.hibernate.type.AbstractType.replace(AbstractType.java:125) ~[hibernate-core-6.4.4.Final.jar:6.4.4.Final]
	at org.hibernate.type.TypeHelper.replace(TypeHelper.java:154) ~[hibernate-core-6.4.4.Final.jar:6.4.4.Final]
	at org.hibernate.event.internal.DefaultMergeEventListener.copyValues(DefaultMergeEventListener.java:614) ~[hibernate-core-6.4.4.Final.jar:6.4.4.Final]
	at org.hibernate.event.internal.DefaultMergeEventListener.entityIsTransient(DefaultMergeEventListener.java:296) ~[hibernate-core-6.4.4.Final.jar:6.4.4.Final]
	at org.hibernate.event.internal.DefaultMergeEventListener.entityIsDetached(DefaultMergeEventListener.java:418) ~[hibernate-core-6.4.4.Final.jar:6.4.4.Final]
	at org.hibernate.event.internal.DefaultMergeEventListener.merge(DefaultMergeEventListener.java:208) ~[hibernate-core-6.4.4.Final.jar:6.4.4.Final]
	at org.hibernate.event.internal.DefaultMergeEventListener.doMerge(DefaultMergeEventListener.java:146) ~[hibernate-core-6.4.4.Final.jar:6.4.4.Final]
	at org.hibernate.event.internal.DefaultMergeEventListener.onMerge(DefaultMergeEventListener.java:130) ~[hibernate-core-6.4.4.Final.jar:6.4.4.Final]
	at org.hibernate.event.internal.DefaultMergeEventListener.onMerge(DefaultMergeEventListener.java:84) ~[hibernate-core-6.4.4.Final.jar:6.4.4.Final]
	at org.hibernate.event.service.internal.EventListenerGroupImpl.fireEventOnEachListener(EventListenerGroupImpl.java:127) ~[hibernate-core-6.4.4.Final.jar:6.4.4.Final]
	at org.hibernate.internal.SessionImpl.fireMerge(SessionImpl.java:847) ~[hibernate-core-6.4.4.Final.jar:6.4.4.Final]
	at org.hibernate.internal.SessionImpl.merge(SessionImpl.java:833) ~[hibernate-core-6.4.4.Final.jar:6.4.4.Final]
	at java.base/jdk.internal.reflect.DirectMethodHandleAccessor.invoke(DirectMethodHandleAccessor.java:103) ~[na:na]
	at java.base/java.lang.reflect.Method.invoke(Method.java:580) ~[na:na]
	at org.springframework.orm.jpa.SharedEntityManagerCreator$SharedEntityManagerInvocationHandler.invoke(SharedEntityManagerCreator.java:319) ~[spring-orm-6.1.5.jar:6.1.5]
	at jdk.proxy2/jdk.proxy2.$Proxy146.merge(Unknown Source) ~[na:na]
	at org.springframework.data.jpa.repository.support.SimpleJpaRepository.save(SimpleJpaRepository.java:621) ~[spring-data-jpa-3.2.4.jar:3.2.4]
	at org.springframework.data.jpa.repository.support.SimpleJpaRepository.saveAll(SimpleJpaRepository.java:644) ~[spring-data-jpa-3.2.4.jar:3.2.4]
	at org.springframework.data.jpa.repository.support.SimpleJpaRepository.saveAll(SimpleJpaRepository.java:1) ~[spring-data-jpa-3.2.4.jar:3.2.4]
	at java.base/jdk.internal.reflect.DirectMethodHandleAccessor.invoke(DirectMethodHandleAccessor.java:103) ~[na:na]
	at java.base/java.lang.reflect.Method.invoke(Method.java:580) ~[na:na]
	at org.springframework.aop.support.AopUtils.invokeJoinpointUsingReflection(AopUtils.java:351) ~[spring-aop-6.1.5.jar:6.1.5]
	at org.springframework.data.repository.core.support.RepositoryMethodInvoker$RepositoryFragmentMethodInvoker.lambda$new$0(RepositoryMethodInvoker.java:277) ~[spring-data-commons-3.2.4.jar:3.2.4]
	at org.springframework.data.repository.core.support.RepositoryMethodInvoker.doInvoke(RepositoryMethodInvoker.java:170) ~[spring-data-commons-3.2.4.jar:3.2.4]
	at org.springframework.data.repository.core.support.RepositoryMethodInvoker.invoke(RepositoryMethodInvoker.java:158) ~[spring-data-commons-3.2.4.jar:3.2.4]
	at org.springframework.data.repository.core.support.RepositoryComposition$RepositoryFragments.invoke(RepositoryComposition.java:516) ~[spring-data-commons-3.2.4.jar:3.2.4]
	at org.springframework.data.repository.core.support.RepositoryComposition.invoke(RepositoryComposition.java:285) ~[spring-data-commons-3.2.4.jar:3.2.4]
	at org.springframework.data.repository.core.support.RepositoryFactorySupport$ImplementationMethodExecutionInterceptor.invoke(RepositoryFactorySupport.java:628) ~[spring-data-commons-3.2.4.jar:3.2.4]
	at org.springframework.aop.framework.ReflectiveMethodInvocation.proceed(ReflectiveMethodInvocation.java:184) ~[spring-aop-6.1.5.jar:6.1.5]
	at org.springframework.data.repository.core.support.QueryExecutorMethodInterceptor.doInvoke(QueryExecutorMethodInterceptor.java:168) ~[spring-data-commons-3.2.4.jar:3.2.4]
	at org.springframework.data.repository.core.support.QueryExecutorMethodInterceptor.invoke(QueryExecutorMethodInterceptor.java:143) ~[spring-data-commons-3.2.4.jar:3.2.4]
	at org.springframework.aop.framework.ReflectiveMethodInvocation.proceed(ReflectiveMethodInvocation.java:184) ~[spring-aop-6.1.5.jar:6.1.5]
	at org.springframework.data.projection.DefaultMethodInvokingMethodInterceptor.invoke(DefaultMethodInvokingMethodInterceptor.java:70) ~[spring-data-commons-3.2.4.jar:3.2.4]
	at org.springframework.aop.framework.ReflectiveMethodInvocation.proceed(ReflectiveMethodInvocation.java:184) ~[spring-aop-6.1.5.jar:6.1.5]
	at org.springframework.transaction.interceptor.TransactionInterceptor$1.proceedWithInvocation(TransactionInterceptor.java:123) ~[spring-tx-6.1.5.jar:6.1.5]
	at org.springframework.transaction.interceptor.TransactionAspectSupport.invokeWithinTransaction(TransactionAspectSupport.java:392) ~[spring-tx-6.1.5.jar:6.1.5]
	at org.springframework.transaction.interceptor.TransactionInterceptor.invoke(TransactionInterceptor.java:119) ~[spring-tx-6.1.5.jar:6.1.5]
	at org.springframework.aop.framework.ReflectiveMethodInvocation.proceed(ReflectiveMethodInvocation.java:184) ~[spring-aop-6.1.5.jar:6.1.5]
	at org.springframework.dao.support.PersistenceExceptionTranslationInterceptor.invoke(PersistenceExceptionTranslationInterceptor.java:137) ~[spring-tx-6.1.5.jar:6.1.5]
	... 170 common frames omitted

2026-04-01T12:21:46.415+03:00 DEBUG 10732 --- [elewa-backend] [nio-8080-exec-9] o.s.w.s.m.m.a.HttpEntityMethodProcessor  : Using 'application/json', given [*/*] and supported [application/json, application/*+json]
2026-04-01T12:21:46.418+03:00 DEBUG 10732 --- [elewa-backend] [nio-8080-exec-9] o.s.w.s.m.m.a.HttpEntityMethodProcessor  : Writing [ErrorResponse(status=500, error=An unexpected error occurred. Please try again., details=null, times (truncated)...]
2026-04-01T12:21:46.421+03:00 DEBUG 10732 --- [elewa-backend] [nio-8080-exec-9] .m.m.a.ExceptionHandlerExceptionResolver : Resolved [org.springframework.orm.jpa.JpaObjectRetrievalFailureException: Unable to find com.elewa.backend.model.Lesson with id f99c5952-c70f-4341-834d-5253c0452720]
2026-04-01T12:21:46.422+03:00 DEBUG 10732 --- [elewa-backend] [nio-8080-exec-9] o.s.web.servlet.DispatcherServlet        : Completed 500 INTERNAL_SERVER_ERROR
2026-04-01T12:21:46.436+03:00 DEBUG 10732 --- [elewa-backend] [io-8080-exec-10] o.s.web.servlet.DispatcherServlet        : GET "/api/progress/dashboard", parameters={}
2026-04-01T12:21:46.436+03:00 DEBUG 10732 --- [elewa-backend] [io-8080-exec-10] s.w.s.m.m.a.RequestMappingHandlerMapping : Mapped to com.elewa.backend.controller.ProgressController#getDashboard(UserDetails)
2026-04-01T12:21:46.484+03:00 DEBUG 10732 --- [elewa-backend] [io-8080-exec-10] o.s.w.s.m.m.a.HttpEntityMethodProcessor  : Using 'application/json', given [*/*] and supported [application/json, application/*+json]
2026-04-01T12:21:46.494+03:00 DEBUG 10732 --- [elewa-backend] [io-8080-exec-10] o.s.w.s.m.m.a.HttpEntityMethodProcessor  : Writing [DashboardResponse(lessonsCompleted=0, avgQuizScore=null, recentLessons=[], quizHistory=[])]
2026-04-01T12:21:46.520+03:00 DEBUG 10732 --- [elewa-backend] [io-8080-exec-10] o.s.web.servlet.DispatcherServlet        : Completed 200 OK
2026-04-01T12:21:46.550+03:00 DEBUG 10732 --- [elewa-backend] [nio-8080-exec-1] o.s.web.servlet.DispatcherServlet        : POST "/api/auth/logout", parameters={}
2026-04-01T12:21:46.551+03:00 DEBUG 10732 --- [elewa-backend] [nio-8080-exec-1] s.w.s.m.m.a.RequestMappingHandlerMapping : Mapped to com.elewa.backend.controller.AuthController#logout(UserDetails, HttpServletResponse)
2026-04-01T12:21:46.562+03:00  INFO 10732 --- [elewa-backend] [nio-8080-exec-1] com.elewa.backend.service.AuthService    : Logout: a702df03-1587-4bc1-b9ef-faa6518e329f
2026-04-01T12:21:46.563+03:00 DEBUG 10732 --- [elewa-backend] [nio-8080-exec-1] o.s.w.s.m.m.a.HttpEntityMethodProcessor  : Using 'application/json', given [*/*] and supported [application/json, application/*+json]
2026-04-01T12:21:46.563+03:00 DEBUG 10732 --- [elewa-backend] [nio-8080-exec-1] o.s.w.s.m.m.a.HttpEntityMethodProcessor  : Nothing to write: null body
2026-04-01T12:21:46.563+03:00 DEBUG 10732 --- [elewa-backend] [nio-8080-exec-1] o.s.web.servlet.DispatcherServlet        : Completed 204 NO_CONTENT

> Task :bootRun FAILED

[Incubating] Problems report is available at: file:///C:/Users/thrillerpark/Desktop/ELEWA/backend/build/reports/problems/problems-report.html

Deprecated Gradle features were used in this build, making it incompatible with Gradle 9.0.

You can use '--warning-mode all' to show the individual deprecation warnings and determine if they come from your own scripts or plugins.

For more on this, please refer to https://docs.gradle.org/8.14.4/userguide/command_line_interface.html#sec:command_line_warnings in the Gradle documentation.
5 actionable tasks: 5 executed
